,Input1,Input2,Input3,Input4,Input5,Output1,Output2,Output3,Output4,Output5,Output6,Output7,Output8,Output9,Output10
0,0.335938,0.550781,0.371094,0.160156,0.0859375,0.0820312,0.125,0.28125,0.539062,0.433594,0.1875,0.0898438,0.0742188,0.105469,0.230469
1,0.550781,0.371094,0.160156,0.0859375,0.0820312,0.125,0.28125,0.539062,0.433594,0.1875,0.0898438,0.0742188,0.105469,0.230469,0.503906
2,0.371094,0.160156,0.0859375,0.0820312,0.125,0.28125,0.539062,0.433594,0.1875,0.0898438,0.0742188,0.105469,0.230469,0.503906,0.503906
3,0.160156,0.0859375,0.0820312,0.125,0.28125,0.539062,0.433594,0.1875,0.0898438,0.0742188,0.105469,0.230469,0.503906,0.503906,0.226562
4,0.0859375,0.0820312,0.125,0.28125,0.539062,0.433594,0.1875,0.0898438,0.0742188,0.105469,0.230469,0.503906,0.503906,0.226562,0.105469
5,0.0820312,0.125,0.28125,0.539062,0.433594,0.1875,0.0898438,0.0742188,0.105469,0.230469,0.503906,0.503906,0.226562,0.105469,0.0742188
6,0.125,0.28125,0.539062,0.433594,0.1875,0.0898438,0.0742188,0.105469,0.230469,0.503906,0.503906,0.226562,0.105469,0.0742188,0.09375
7,0.28125,0.539062,0.433594,0.1875,0.0898438,0.0742188,0.105469,0.230469,0.503906,0.503906,0.226562,0.105469,0.0742188,0.09375,0.179688
8,0.539062,0.433594,0.1875,0.0898438,0.0742188,0.105469,0.230469,0.503906,0.503906,0.226562,0.105469,0.0742188,0.09375,0.179688,0.4375
9,0.433594,0.1875,0.0898438,0.0742188,0.105469,0.230469,0.503906,0.503906,0.226562,0.105469,0.0742188,0.09375,0.179688,0.4375,0.5625
10,0.1875,0.0898438,0.0742188,0.105469,0.230469,0.503906,0.503906,0.226562,0.105469,0.0742188,0.09375,0.179688,0.4375,0.5625,0.285156
11,0.0898438,0.0742188,0.105469,0.230469,0.503906,0.503906,0.226562,0.105469,0.0742188,0.09375,0.179688,0.4375,0.5625,0.285156,0.117188
12,0.0742188,0.105469,0.230469,0.503906,0.503906,0.226562,0.105469,0.0742188,0.09375,0.179688,0.4375,0.5625,0.285156,0.117188,0.078125
13,0.105469,0.230469,0.503906,0.503906,0.226562,0.105469,0.0742188,0.09375,0.179688,0.4375,0.5625,0.285156,0.117188,0.078125,0.0742188
14,0.230469,0.503906,0.503906,0.226562,0.105469,0.0742188,0.09375,0.179688,0.4375,0.5625,0.285156,0.117188,0.078125,0.0742188,0.144531
15,0.503906,0.503906,0.226562,0.105469,0.0742188,0.09375,0.179688,0.4375,0.5625,0.285156,0.117188,0.078125,0.0742188,0.144531,0.359375
16,0.503906,0.226562,0.105469,0.0742188,0.09375,0.179688,0.4375,0.5625,0.285156,0.117188,0.078125,0.0742188,0.144531,0.359375,0.59375
17,0.226562,0.105469,0.0742188,0.09375,0.179688,0.4375,0.5625,0.285156,0.117188,0.078125,0.0742188,0.144531,0.359375,0.59375,0.363281
18,0.105469,0.0742188,0.09375,0.179688,0.4375,0.5625,0.285156,0.117188,0.078125,0.0742188,0.144531,0.359375,0.59375,0.363281,0.140625
19,0.0742188,0.09375,0.179688,0.4375,0.5625,0.285156,0.117188,0.078125,0.0742188,0.144531,0.359375,0.59375,0.363281,0.140625,0.078125
20,0.09375,0.179688,0.4375,0.5625,0.285156,0.117188,0.078125,0.0742188,0.144531,0.359375,0.59375,0.363281,0.140625,0.078125,0.0703125
21,0.179688,0.4375,0.5625,0.285156,0.117188,0.078125,0.0742188,0.144531,0.359375,0.59375,0.363281,0.140625,0.078125,0.0703125,0.113281
22,0.4375,0.5625,0.285156,0.117188,0.078125,0.0742188,0.144531,0.359375,0.59375,0.363281,0.140625,0.078125,0.0703125,0.113281,0.277344
23,0.5625,0.285156,0.117188,0.078125,0.0742188,0.144531,0.359375,0.59375,0.363281,0.140625,0.078125,0.0703125,0.113281,0.277344,0.570312
24,0.285156,0.117188,0.078125,0.0742188,0.144531,0.359375,0.59375,0.363281,0.140625,0.078125,0.0703125,0.113281,0.277344,0.570312,0.457031
25,0.117188,0.078125,0.0742188,0.144531,0.359375,0.59375,0.363281,0.140625,0.078125,0.0703125,0.113281,0.277344,0.570312,0.457031,0.179688
26,0.078125,0.0742188,0.144531,0.359375,0.59375,0.363281,0.140625,0.078125,0.0703125,0.113281,0.277344,0.570312,0.457031,0.179688,0.0898438
27,0.0742188,0.144531,0.359375,0.59375,0.363281,0.140625,0.078125,0.0703125,0.113281,0.277344,0.570312,0.457031,0.179688,0.0898438,0.0703125
28,0.144531,0.359375,0.59375,0.363281,0.140625,0.078125,0.0703125,0.113281,0.277344,0.570312,0.457031,0.179688,0.0898438,0.0703125,0.0859375
29,0.359375,0.59375,0.363281,0.140625,0.078125,0.0703125,0.113281,0.277344,0.570312,0.457031,0.179688,0.0898438,0.0703125,0.0859375,0.203125
30,0.59375,0.363281,0.140625,0.078125,0.0703125,0.113281,0.277344,0.570312,0.457031,0.179688,0.0898438,0.0703125,0.0859375,0.203125,0.5
31,0.363281,0.140625,0.078125,0.0703125,0.113281,0.277344,0.570312,0.457031,0.179688,0.0898438,0.0703125,0.0859375,0.203125,0.5,0.554688
32,0.140625,0.078125,0.0703125,0.113281,0.277344,0.570312,0.457031,0.179688,0.0898438,0.0703125,0.0859375,0.203125,0.5,0.554688,0.242188
33,0.078125,0.0703125,0.113281,0.277344,0.570312,0.457031,0.179688,0.0898438,0.0703125,0.0859375,0.203125,0.5,0.554688,0.242188,0.101562
34,0.0703125,0.113281,0.277344,0.570312,0.457031,0.179688,0.0898438,0.0703125,0.0859375,0.203125,0.5,0.554688,0.242188,0.101562,0.0664062
35,0.113281,0.277344,0.570312,0.457031,0.179688,0.0898438,0.0703125,0.0859375,0.203125,0.5,0.554688,0.242188,0.101562,0.0664062,0.0742188
36,0.277344,0.570312,0.457031,0.179688,0.0898438,0.0703125,0.0859375,0.203125,0.5,0.554688,0.242188,0.101562,0.0664062,0.0742188,0.144531
37,0.570312,0.457031,0.179688,0.0898438,0.0703125,0.0859375,0.203125,0.5,0.554688,0.242188,0.101562,0.0664062,0.0742188,0.144531,0.390625
38,0.457031,0.179688,0.0898438,0.0703125,0.0859375,0.203125,0.5,0.554688,0.242188,0.101562,0.0664062,0.0742188,0.144531,0.390625,0.617188
39,0.179688,0.0898438,0.0703125,0.0859375,0.203125,0.5,0.554688,0.242188,0.101562,0.0664062,0.0742188,0.144531,0.390625,0.617188,0.335938
40,0.0898438,0.0703125,0.0859375,0.203125,0.5,0.554688,0.242188,0.101562,0.0664062,0.0742188,0.144531,0.390625,0.617188,0.335938,0.125
41,0.0703125,0.0859375,0.203125,0.5,0.554688,0.242188,0.101562,0.0664062,0.0742188,0.144531,0.390625,0.617188,0.335938,0.125,0.0664062
42,0.0859375,0.203125,0.5,0.554688,0.242188,0.101562,0.0664062,0.0742188,0.144531,0.390625,0.617188,0.335938,0.125,0.0664062,0.0664062
43,0.203125,0.5,0.554688,0.242188,0.101562,0.0664062,0.0742188,0.144531,0.390625,0.617188,0.335938,0.125,0.0664062,0.0664062,0.105469
44,0.5,0.554688,0.242188,0.101562,0.0664062,0.0742188,0.144531,0.390625,0.617188,0.335938,0.125,0.0664062,0.0664062,0.105469,0.28125
45,0.554688,0.242188,0.101562,0.0664062,0.0742188,0.144531,0.390625,0.617188,0.335938,0.125,0.0664062,0.0664062,0.105469,0.28125,0.601562
46,0.242188,0.101562,0.0664062,0.0742188,0.144531,0.390625,0.617188,0.335938,0.125,0.0664062,0.0664062,0.105469,0.28125,0.601562,0.460938
47,0.101562,0.0664062,0.0742188,0.144531,0.390625,0.617188,0.335938,0.125,0.0664062,0.0664062,0.105469,0.28125,0.601562,0.460938,0.167969
48,0.0664062,0.0742188,0.144531,0.390625,0.617188,0.335938,0.125,0.0664062,0.0664062,0.105469,0.28125,0.601562,0.460938,0.167969,0.078125
49,0.0742188,0.144531,0.390625,0.617188,0.335938,0.125,0.0664062,0.0664062,0.105469,0.28125,0.601562,0.460938,0.167969,0.078125,0.0585938
50,0.144531,0.390625,0.617188,0.335938,0.125,0.0664062,0.0664062,0.105469,0.28125,0.601562,0.460938,0.167969,0.078125,0.0585938,0.0820312
51,0.390625,0.617188,0.335938,0.125,0.0664062,0.0664062,0.105469,0.28125,0.601562,0.460938,0.167969,0.078125,0.0585938,0.0820312,0.183594
52,0.617188,0.335938,0.125,0.0664062,0.0664062,0.105469,0.28125,0.601562,0.460938,0.167969,0.078125,0.0585938,0.0820312,0.183594,0.5
53,0.335938,0.125,0.0664062,0.0664062,0.105469,0.28125,0.601562,0.460938,0.167969,0.078125,0.0585938,0.0820312,0.183594,0.5,0.585938
54,0.125,0.0664062,0.0664062,0.105469,0.28125,0.601562,0.460938,0.167969,0.078125,0.0585938,0.0820312,0.183594,0.5,0.585938,0.246094
55,0.0664062,0.0664062,0.105469,0.28125,0.601562,0.460938,0.167969,0.078125,0.0585938,0.0820312,0.183594,0.5,0.585938,0.246094,0.09375
56,0.0664062,0.105469,0.28125,0.601562,0.460938,0.167969,0.078125,0.0585938,0.0820312,0.183594,0.5,0.585938,0.246094,0.09375,0.0625
57,0.105469,0.28125,0.601562,0.460938,0.167969,0.078125,0.0585938,0.0820312,0.183594,0.5,0.585938,0.246094,0.09375,0.0625,0.0664062
58,0.28125,0.601562,0.460938,0.167969,0.078125,0.0585938,0.0820312,0.183594,0.5,0.585938,0.246094,0.09375,0.0625,0.0664062,0.128906
59,0.601562,0.460938,0.167969,0.078125,0.0585938,0.0820312,0.183594,0.5,0.585938,0.246094,0.09375,0.0625,0.0664062,0.128906,0.359375
60,0.460938,0.167969,0.078125,0.0585938,0.0820312,0.183594,0.5,0.585938,0.246094,0.09375,0.0625,0.0664062,0.128906,0.359375,0.648438
61,0.167969,0.078125,0.0585938,0.0820312,0.183594,0.5,0.585938,0.246094,0.09375,0.0625,0.0664062,0.128906,0.359375,0.648438,0.371094
62,0.078125,0.0585938,0.0820312,0.183594,0.5,0.585938,0.246094,0.09375,0.0625,0.0664062,0.128906,0.359375,0.648438,0.371094,0.128906
63,0.0585938,0.0820312,0.183594,0.5,0.585938,0.246094,0.09375,0.0625,0.0664062,0.128906,0.359375,0.648438,0.371094,0.128906,0.0625
64,0.0820312,0.183594,0.5,0.585938,0.246094,0.09375,0.0625,0.0664062,0.128906,0.359375,0.648438,0.371094,0.128906,0.0625,0.0546875
65,0.183594,0.5,0.585938,0.246094,0.09375,0.0625,0.0664062,0.128906,0.359375,0.648438,0.371094,0.128906,0.0625,0.0546875,0.0859375
66,0.5,0.585938,0.246094,0.09375,0.0625,0.0664062,0.128906,0.359375,0.648438,0.371094,0.128906,0.0625,0.0546875,0.0859375,0.226562
67,0.585938,0.246094,0.09375,0.0625,0.0664062,0.128906,0.359375,0.648438,0.371094,0.128906,0.0625,0.0546875,0.0859375,0.226562,0.582031
68,0.246094,0.09375,0.0625,0.0664062,0.128906,0.359375,0.648438,0.371094,0.128906,0.0625,0.0546875,0.0859375,0.226562,0.582031,0.535156
69,0.09375,0.0625,0.0664062,0.128906,0.359375,0.648438,0.371094,0.128906,0.0625,0.0546875,0.0859375,0.226562,0.582031,0.535156,0.195312
70,0.0625,0.0664062,0.128906,0.359375,0.648438,0.371094,0.128906,0.0625,0.0546875,0.0859375,0.226562,0.582031,0.535156,0.195312,0.078125
71,0.0664062,0.128906,0.359375,0.648438,0.371094,0.128906,0.0625,0.0546875,0.0859375,0.226562,0.582031,0.535156,0.195312,0.078125,0.0585938
72,0.128906,0.359375,0.648438,0.371094,0.128906,0.0625,0.0546875,0.0859375,0.226562,0.582031,0.535156,0.195312,0.078125,0.0585938,0.0625
73,0.359375,0.648438,0.371094,0.128906,0.0625,0.0546875,0.0859375,0.226562,0.582031,0.535156,0.195312,0.078125,0.0585938,0.0625,0.136719
74,0.648438,0.371094,0.128906,0.0625,0.0546875,0.0859375,0.226562,0.582031,0.535156,0.195312,0.078125,0.0585938,0.0625,0.136719,0.414062
75,0.371094,0.128906,0.0625,0.0546875,0.0859375,0.226562,0.582031,0.535156,0.195312,0.078125,0.0585938,0.0625,0.136719,0.414062,0.660156
76,0.128906,0.0625,0.0546875,0.0859375,0.226562,0.582031,0.535156,0.195312,0.078125,0.0585938,0.0625,0.136719,0.414062,0.660156,0.320312
77,0.0625,0.0546875,0.0859375,0.226562,0.582031,0.535156,0.195312,0.078125,0.0585938,0.0625,0.136719,0.414062,0.660156,0.320312,0.109375
78,0.0546875,0.0859375,0.226562,0.582031,0.535156,0.195312,0.078125,0.0585938,0.0625,0.136719,0.414062,0.660156,0.320312,0.109375,0.0585938
79,0.0859375,0.226562,0.582031,0.535156,0.195312,0.078125,0.0585938,0.0625,0.136719,0.414062,0.660156,0.320312,0.109375,0.0585938,0.0546875
80,0.226562,0.582031,0.535156,0.195312,0.078125,0.0585938,0.0625,0.136719,0.414062,0.660156,0.320312,0.109375,0.0585938,0.0546875,0.0898438
81,0.582031,0.535156,0.195312,0.078125,0.0585938,0.0625,0.136719,0.414062,0.660156,0.320312,0.109375,0.0585938,0.0546875,0.0898438,0.253906
82,0.535156,0.195312,0.078125,0.0585938,0.0625,0.136719,0.414062,0.660156,0.320312,0.109375,0.0585938,0.0546875,0.0898438,0.253906,0.625
83,0.195312,0.078125,0.0585938,0.0625,0.136719,0.414062,0.660156,0.320312,0.109375,0.0585938,0.0546875,0.0898438,0.253906,0.625,0.519531
84,0.078125,0.0585938,0.0625,0.136719,0.414062,0.660156,0.320312,0.109375,0.0585938,0.0546875,0.0898438,0.253906,0.625,0.519531,0.175781
85,0.0585938,0.0625,0.136719,0.414062,0.660156,0.320312,0.109375,0.0585938,0.0546875,0.0898438,0.253906,0.625,0.519531,0.175781,0.0703125
86,0.0625,0.136719,0.414062,0.660156,0.320312,0.109375,0.0585938,0.0546875,0.0898438,0.253906,0.625,0.519531,0.175781,0.0703125,0.0546875
87,0.136719,0.414062,0.660156,0.320312,0.109375,0.0585938,0.0546875,0.0898438,0.253906,0.625,0.519531,0.175781,0.0703125,0.0546875,0.0625
88,0.414062,0.660156,0.320312,0.109375,0.0585938,0.0546875,0.0898438,0.253906,0.625,0.519531,0.175781,0.0703125,0.0546875,0.0625,0.140625
89,0.660156,0.320312,0.109375,0.0585938,0.0546875,0.0898438,0.253906,0.625,0.519531,0.175781,0.0703125,0.0546875,0.0625,0.140625,0.433594
90,0.320312,0.109375,0.0585938,0.0546875,0.0898438,0.253906,0.625,0.519531,0.175781,0.0703125,0.0546875,0.0625,0.140625,0.433594,0.6875
91,0.109375,0.0585938,0.0546875,0.0898438,0.253906,0.625,0.519531,0.175781,0.0703125,0.0546875,0.0625,0.140625,0.433594,0.6875,0.3125
92,0.0585938,0.0546875,0.0898438,0.253906,0.625,0.519531,0.175781,0.0703125,0.0546875,0.0625,0.140625,0.433594,0.6875,0.3125,0.101562
93,0.0546875,0.0898438,0.253906,0.625,0.519531,0.175781,0.0703125,0.0546875,0.0625,0.140625,0.433594,0.6875,0.3125,0.101562,0.0546875
94,0.0898438,0.253906,0.625,0.519531,0.175781,0.0703125,0.0546875,0.0625,0.140625,0.433594,0.6875,0.3125,0.101562,0.0546875,0.0507812
95,0.253906,0.625,0.519531,0.175781,0.0703125,0.0546875,0.0625,0.140625,0.433594,0.6875,0.3125,0.101562,0.0546875,0.0507812,0.078125
96,0.625,0.519531,0.175781,0.0703125,0.0546875,0.0625,0.140625,0.433594,0.6875,0.3125,0.101562,0.0546875,0.0507812,0.078125,0.234375
97,0.519531,0.175781,0.0703125,0.0546875,0.0625,0.140625,0.433594,0.6875,0.3125,0.101562,0.0546875,0.0507812,0.078125,0.234375,0.636719
98,0.175781,0.0703125,0.0546875,0.0625,0.140625,0.433594,0.6875,0.3125,0.101562,0.0546875,0.0507812,0.078125,0.234375,0.636719,0.546875
99,0.0703125,0.0546875,0.0625,0.140625,0.433594,0.6875,0.3125,0.101562,0.0546875,0.0507812,0.078125,0.234375,0.636719,0.546875,0.175781
100,0.0546875,0.0625,0.140625,0.433594,0.6875,0.3125,0.101562,0.0546875,0.0507812,0.078125,0.234375,0.636719,0.546875,0.175781,0.0703125
101,0.0625,0.140625,0.433594,0.6875,0.3125,0.101562,0.0546875,0.0507812,0.078125,0.234375,0.636719,0.546875,0.175781,0.0703125,0.046875
102,0.140625,0.433594,0.6875,0.3125,0.101562,0.0546875,0.0507812,0.078125,0.234375,0.636719,0.546875,0.175781,0.0703125,0.046875,0.0546875
103,0.433594,0.6875,0.3125,0.101562,0.0546875,0.0507812,0.078125,0.234375,0.636719,0.546875,0.175781,0.0703125,0.046875,0.0546875,0.117188
104,0.6875,0.3125,0.101562,0.0546875,0.0507812,0.078125,0.234375,0.636719,0.546875,0.175781,0.0703125,0.046875,0.0546875,0.117188,0.382812
105,0.3125,0.101562,0.0546875,0.0507812,0.078125,0.234375,0.636719,0.546875,0.175781,0.0703125,0.046875,0.0546875,0.117188,0.382812,0.722656
106,0.101562,0.0546875,0.0507812,0.078125,0.234375,0.636719,0.546875,0.175781,0.0703125,0.046875,0.0546875,0.117188,0.382812,0.722656,0.363281
107,0.0546875,0.0507812,0.078125,0.234375,0.636719,0.546875,0.175781,0.0703125,0.046875,0.0546875,0.117188,0.382812,0.722656,0.363281,0.109375
108,0.0507812,0.078125,0.234375,0.636719,0.546875,0.175781,0.0703125,0.046875,0.0546875,0.117188,0.382812,0.722656,0.363281,0.109375,0.0546875
109,0.078125,0.234375,0.636719,0.546875,0.175781,0.0703125,0.046875,0.0546875,0.117188,0.382812,0.722656,0.363281,0.109375,0.0546875,0.046875
110,0.234375,0.636719,0.546875,0.175781,0.0703125,0.046875,0.0546875,0.117188,0.382812,0.722656,0.363281,0.109375,0.0546875,0.046875,0.0664062
111,0.636719,0.546875,0.175781,0.0703125,0.046875,0.0546875,0.117188,0.382812,0.722656,0.363281,0.109375,0.0546875,0.046875,0.0664062,0.179688
112,0.546875,0.175781,0.0703125,0.046875,0.0546875,0.117188,0.382812,0.722656,0.363281,0.109375,0.0546875,0.046875,0.0664062,0.179688,0.566406
113,0.175781,0.0703125,0.046875,0.0546875,0.117188,0.382812,0.722656,0.363281,0.109375,0.0546875,0.046875,0.0664062,0.179688,0.566406,0.652344
114,0.0703125,0.046875,0.0546875,0.117188,0.382812,0.722656,0.363281,0.109375,0.0546875,0.046875,0.0664062,0.179688,0.566406,0.652344,0.226562
115,0.046875,0.0546875,0.117188,0.382812,0.722656,0.363281,0.109375,0.0546875,0.046875,0.0664062,0.179688,0.566406,0.652344,0.226562,0.0742188
116,0.0546875,0.117188,0.382812,0.722656,0.363281,0.109375,0.0546875,0.046875,0.0664062,0.179688,0.566406,0.652344,0.226562,0.0742188,0.0429688
117,0.117188,0.382812,0.722656,0.363281,0.109375,0.0546875,0.046875,0.0664062,0.179688,0.566406,0.652344,0.226562,0.0742188,0.0429688,0.046875
118,0.382812,0.722656,0.363281,0.109375,0.0546875,0.046875,0.0664062,0.179688,0.566406,0.652344,0.226562,0.0742188,0.0429688,0.046875,0.0820312
119,0.722656,0.363281,0.109375,0.0546875,0.046875,0.0664062,0.179688,0.566406,0.652344,0.226562,0.0742188,0.0429688,0.046875,0.0820312,0.265625
120,0.363281,0.109375,0.0546875,0.046875,0.0664062,0.179688,0.566406,0.652344,0.226562,0.0742188,0.0429688,0.046875,0.0820312,0.265625,0.714844
121,0.109375,0.0546875,0.046875,0.0664062,0.179688,0.566406,0.652344,0.226562,0.0742188,0.0429688,0.046875,0.0820312,0.265625,0.714844,0.515625
122,0.0546875,0.046875,0.0664062,0.179688,0.566406,0.652344,0.226562,0.0742188,0.0429688,0.046875,0.0820312,0.265625,0.714844,0.515625,0.148438
123,0.046875,0.0664062,0.179688,0.566406,0.652344,0.226562,0.0742188,0.0429688,0.046875,0.0820312,0.265625,0.714844,0.515625,0.148438,0.0585938
124,0.0664062,0.179688,0.566406,0.652344,0.226562,0.0742188,0.0429688,0.046875,0.0820312,0.265625,0.714844,0.515625,0.148438,0.0585938,0.0429688
125,0.179688,0.566406,0.652344,0.226562,0.0742188,0.0429688,0.046875,0.0820312,0.265625,0.714844,0.515625,0.148438,0.0585938,0.0429688,0.0507812
126,0.566406,0.652344,0.226562,0.0742188,0.0429688,0.046875,0.0820312,0.265625,0.714844,0.515625,0.148438,0.0585938,0.0429688,0.0507812,0.101562
127,0.652344,0.226562,0.0742188,0.0429688,0.046875,0.0820312,0.265625,0.714844,0.515625,0.148438,0.0585938,0.0429688,0.0507812,0.101562,0.363281
128,0.226562,0.0742188,0.0429688,0.046875,0.0820312,0.265625,0.714844,0.515625,0.148438,0.0585938,0.0429688,0.0507812,0.101562,0.363281,0.789062
129,0.0742188,0.0429688,0.046875,0.0820312,0.265625,0.714844,0.515625,0.148438,0.0585938,0.0429688,0.0507812,0.101562,0.363281,0.789062,0.390625
130,0.0429688,0.046875,0.0820312,0.265625,0.714844,0.515625,0.148438,0.0585938,0.0429688,0.0507812,0.101562,0.363281,0.789062,0.390625,0.105469
131,0.046875,0.0820312,0.265625,0.714844,0.515625,0.148438,0.0585938,0.0429688,0.0507812,0.101562,0.363281,0.789062,0.390625,0.105469,0.046875
132,0.0820312,0.265625,0.714844,0.515625,0.148438,0.0585938,0.0429688,0.0507812,0.101562,0.363281,0.789062,0.390625,0.105469,0.046875,0.0390625
133,0.265625,0.714844,0.515625,0.148438,0.0585938,0.0429688,0.0507812,0.101562,0.363281,0.789062,0.390625,0.105469,0.046875,0.0390625,0.0507812
134,0.714844,0.515625,0.148438,0.0585938,0.0429688,0.0507812,0.101562,0.363281,0.789062,0.390625,0.105469,0.046875,0.0390625,0.0507812,0.117188
135,0.515625,0.148438,0.0585938,0.0429688,0.0507812,0.101562,0.363281,0.789062,0.390625,0.105469,0.046875,0.0390625,0.0507812,0.117188,0.445312
136,0.148438,0.0585938,0.0429688,0.0507812,0.101562,0.363281,0.789062,0.390625,0.105469,0.046875,0.0390625,0.0507812,0.117188,0.445312,0.804688
137,0.0585938,0.0429688,0.0507812,0.101562,0.363281,0.789062,0.390625,0.105469,0.046875,0.0390625,0.0507812,0.117188,0.445312,0.804688,0.320312
138,0.0429688,0.0507812,0.101562,0.363281,0.789062,0.390625,0.105469,0.046875,0.0390625,0.0507812,0.117188,0.445312,0.804688,0.320312,0.0820312
139,0.0507812,0.101562,0.363281,0.789062,0.390625,0.105469,0.046875,0.0390625,0.0507812,0.117188,0.445312,0.804688,0.320312,0.0820312,0.0429688
140,0.101562,0.363281,0.789062,0.390625,0.105469,0.046875,0.0390625,0.0507812,0.117188,0.445312,0.804688,0.320312,0.0820312,0.0429688,0.0351562
141,0.363281,0.789062,0.390625,0.105469,0.046875,0.0390625,0.0507812,0.117188,0.445312,0.804688,0.320312,0.0820312,0.0429688,0.0351562,0.0390625
142,0.789062,0.390625,0.105469,0.046875,0.0390625,0.0507812,0.117188,0.445312,0.804688,0.320312,0.0820312,0.0429688,0.0351562,0.0390625,0.117188
143,0.390625,0.105469,0.046875,0.0390625,0.0507812,0.117188,0.445312,0.804688,0.320312,0.0820312,0.0429688,0.0351562,0.0390625,0.117188,0.46875
144,0.105469,0.046875,0.0390625,0.0507812,0.117188,0.445312,0.804688,0.320312,0.0820312,0.0429688,0.0351562,0.0390625,0.117188,0.46875,0.839844
145,0.046875,0.0390625,0.0507812,0.117188,0.445312,0.804688,0.320312,0.0820312,0.0429688,0.0351562,0.0390625,0.117188,0.46875,0.839844,0.300781
146,0.0390625,0.0507812,0.117188,0.445312,0.804688,0.320312,0.0820312,0.0429688,0.0351562,0.0390625,0.117188,0.46875,0.839844,0.300781,0.078125
147,0.0507812,0.117188,0.445312,0.804688,0.320312,0.0820312,0.0429688,0.0351562,0.0390625,0.117188,0.46875,0.839844,0.300781,0.078125,0.0390625
148,0.117188,0.445312,0.804688,0.320312,0.0820312,0.0429688,0.0351562,0.0390625,0.117188,0.46875,0.839844,0.300781,0.078125,0.0390625,0.03125
149,0.445312,0.804688,0.320312,0.0820312,0.0429688,0.0351562,0.0390625,0.117188,0.46875,0.839844,0.300781,0.078125,0.0390625,0.03125,0.0351562
150,0.804688,0.320312,0.0820312,0.0429688,0.0351562,0.0390625,0.117188,0.46875,0.839844,0.300781,0.078125,0.0390625,0.03125,0.0351562,0.0820312
151,0.320312,0.0820312,0.0429688,0.0351562,0.0390625,0.117188,0.46875,0.839844,0.300781,0.078125,0.0390625,0.03125,0.0351562,0.0820312,0.371094
152,0.0820312,0.0429688,0.0351562,0.0390625,0.117188,0.46875,0.839844,0.300781,0.078125,0.0390625,0.03125,0.0351562,0.0820312,0.371094,0.914062
153,0.0429688,0.0351562,0.0390625,0.117188,0.46875,0.839844,0.300781,0.078125,0.0390625,0.03125,0.0351562,0.0820312,0.371094,0.914062,0.386719
154,0.0351562,0.0390625,0.117188,0.46875,0.839844,0.300781,0.078125,0.0390625,0.03125,0.0351562,0.0820312,0.371094,0.914062,0.386719,0.0859375
155,0.0390625,0.117188,0.46875,0.839844,0.300781,0.078125,0.0390625,0.03125,0.0351562,0.0820312,0.371094,0.914062,0.386719,0.0859375,0.0351562
156,0.117188,0.46875,0.839844,0.300781,0.078125,0.0390625,0.03125,0.0351562,0.0820312,0.371094,0.914062,0.386719,0.0859375,0.0351562,0.03125
157,0.46875,0.839844,0.300781,0.078125,0.0390625,0.03125,0.0351562,0.0820312,0.371094,0.914062,0.386719,0.0859375,0.0351562,0.03125,0.0273438
158,0.839844,0.300781,0.078125,0.0390625,0.03125,0.0351562,0.0820312,0.371094,0.914062,0.386719,0.0859375,0.0351562,0.03125,0.0273438,0.0351562
159,0.300781,0.078125,0.0390625,0.03125,0.0351562,0.0820312,0.371094,0.914062,0.386719,0.0859375,0.0351562,0.03125,0.0273438,0.0351562,0.136719
160,0.078125,0.0390625,0.03125,0.0351562,0.0820312,0.371094,0.914062,0.386719,0.0859375,0.0351562,0.03125,0.0273438,0.0351562,0.136719,0.6875
161,0.0390625,0.03125,0.0351562,0.0820312,0.371094,0.914062,0.386719,0.0859375,0.0351562,0.03125,0.0273438,0.0351562,0.136719,0.6875,0.839844
162,0.03125,0.0351562,0.0820312,0.371094,0.914062,0.386719,0.0859375,0.0351562,0.03125,0.0273438,0.0351562,0.136719,0.6875,0.839844,0.179688
163,0.0351562,0.0820312,0.371094,0.914062,0.386719,0.0859375,0.0351562,0.03125,0.0273438,0.0351562,0.136719,0.6875,0.839844,0.179688,0.0429688
164,0.0820312,0.371094,0.914062,0.386719,0.0859375,0.0351562,0.03125,0.0273438,0.0351562,0.136719,0.6875,0.839844,0.179688,0.0429688,0.0273438
165,0.371094,0.914062,0.386719,0.0859375,0.0351562,0.03125,0.0273438,0.0351562,0.136719,0.6875,0.839844,0.179688,0.0429688,0.0273438,0.0195312
166,0.914062,0.386719,0.0859375,0.0351562,0.03125,0.0273438,0.0351562,0.136719,0.6875,0.839844,0.179688,0.0429688,0.0273438,0.0195312,0.015625
167,0.386719,0.0859375,0.0351562,0.03125,0.0273438,0.0351562,0.136719,0.6875,0.839844,0.179688,0.0429688,0.0273438,0.0195312,0.015625,0.0117188
168,0.0859375,0.0351562,0.03125,0.0273438,0.0351562,0.136719,0.6875,0.839844,0.179688,0.0429688,0.0273438,0.0195312,0.015625,0.0117188,0.015625
169,0.0351562,0.03125,0.0273438,0.0351562,0.136719,0.6875,0.839844,0.179688,0.0429688,0.0273438,0.0195312,0.015625,0.0117188,0.015625,0.0742188
170,0.03125,0.0273438,0.0351562,0.136719,0.6875,0.839844,0.179688,0.0429688,0.0273438,0.0195312,0.015625,0.0117188,0.015625,0.0742188,0.410156
171,0.0273438,0.0351562,0.136719,0.6875,0.839844,0.179688,0.0429688,0.0273438,0.0195312,0.015625,0.0117188,0.015625,0.0742188,0.410156,0.488281
172,0.0351562,0.136719,0.6875,0.839844,0.179688,0.0429688,0.0273438,0.0195312,0.015625,0.0117188,0.015625,0.0742188,0.410156,0.488281,0.214844
173,0.136719,0.6875,0.839844,0.179688,0.0429688,0.0273438,0.0195312,0.015625,0.0117188,0.015625,0.0742188,0.410156,0.488281,0.214844,0.117188
174,0.6875,0.839844,0.179688,0.0429688,0.0273438,0.0195312,0.015625,0.0117188,0.015625,0.0742188,0.410156,0.488281,0.214844,0.117188,0.109375
175,0.839844,0.179688,0.0429688,0.0273438,0.0195312,0.015625,0.0117188,0.015625,0.0742188,0.410156,0.488281,0.214844,0.117188,0.109375,0.160156
176,0.179688,0.0429688,0.0273438,0.0195312,0.015625,0.0117188,0.015625,0.0742188,0.410156,0.488281,0.214844,0.117188,0.109375,0.160156,0.277344
177,0.0429688,0.0273438,0.0195312,0.015625,0.0117188,0.015625,0.0742188,0.410156,0.488281,0.214844,0.117188,0.109375,0.160156,0.277344,0.382812
178,0.0273438,0.0195312,0.015625,0.0117188,0.015625,0.0742188,0.410156,0.488281,0.214844,0.117188,0.109375,0.160156,0.277344,0.382812,0.308594
179,0.0195312,0.015625,0.0117188,0.015625,0.0742188,0.410156,0.488281,0.214844,0.117188,0.109375,0.160156,0.277344,0.382812,0.308594,0.191406
180,0.015625,0.0117188,0.015625,0.0742188,0.410156,0.488281,0.214844,0.117188,0.109375,0.160156,0.277344,0.382812,0.308594,0.191406,0.132812
181,0.0117188,0.015625,0.0742188,0.410156,0.488281,0.214844,0.117188,0.109375,0.160156,0.277344,0.382812,0.308594,0.191406,0.132812,0.128906
182,0.015625,0.0742188,0.410156,0.488281,0.214844,0.117188,0.109375,0.160156,0.277344,0.382812,0.308594,0.191406,0.132812,0.128906,0.183594
183,0.0742188,0.410156,0.488281,0.214844,0.117188,0.109375,0.160156,0.277344,0.382812,0.308594,0.191406,0.132812,0.128906,0.183594,0.292969
184,0.410156,0.488281,0.214844,0.117188,0.109375,0.160156,0.277344,0.382812,0.308594,0.191406,0.132812,0.128906,0.183594,0.292969,0.371094
185,0.488281,0.214844,0.117188,0.109375,0.160156,0.277344,0.382812,0.308594,0.191406,0.132812,0.128906,0.183594,0.292969,0.371094,0.296875
186,0.214844,0.117188,0.109375,0.160156,0.277344,0.382812,0.308594,0.191406,0.132812,0.128906,0.183594,0.292969,0.371094,0.296875,0.1875
187,0.117188,0.109375,0.160156,0.277344,0.382812,0.308594,0.191406,0.132812,0.128906,0.183594,0.292969,0.371094,0.296875,0.1875,0.132812
188,0.109375,0.160156,0.277344,0.382812,0.308594,0.191406,0.132812,0.128906,0.183594,0.292969,0.371094,0.296875,0.1875,0.132812,0.136719
189,0.160156,0.277344,0.382812,0.308594,0.191406,0.132812,0.128906,0.183594,0.292969,0.371094,0.296875,0.1875,0.132812,0.136719,0.191406
190,0.277344,0.382812,0.308594,0.191406,0.132812,0.128906,0.183594,0.292969,0.371094,0.296875,0.1875,0.132812,0.136719,0.191406,0.304688
191,0.382812,0.308594,0.191406,0.132812,0.128906,0.183594,0.292969,0.371094,0.296875,0.1875,0.132812,0.136719,0.191406,0.304688,0.375
192,0.308594,0.191406,0.132812,0.128906,0.183594,0.292969,0.371094,0.296875,0.1875,0.132812,0.136719,0.191406,0.304688,0.375,0.292969
193,0.191406,0.132812,0.128906,0.183594,0.292969,0.371094,0.296875,0.1875,0.132812,0.136719,0.191406,0.304688,0.375,0.292969,0.183594
194,0.132812,0.128906,0.183594,0.292969,0.371094,0.296875,0.1875,0.132812,0.136719,0.191406,0.304688,0.375,0.292969,0.183594,0.132812
195,0.128906,0.183594,0.292969,0.371094,0.296875,0.1875,0.132812,0.136719,0.191406,0.304688,0.375,0.292969,0.183594,0.132812,0.132812
196,0.183594,0.292969,0.371094,0.296875,0.1875,0.132812,0.136719,0.191406,0.304688,0.375,0.292969,0.183594,0.132812,0.132812,0.191406
197,0.292969,0.371094,0.296875,0.1875,0.132812,0.136719,0.191406,0.304688,0.375,0.292969,0.183594,0.132812,0.132812,0.191406,0.316406
198,0.371094,0.296875,0.1875,0.132812,0.136719,0.191406,0.304688,0.375,0.292969,0.183594,0.132812,0.132812,0.191406,0.316406,0.386719
199,0.296875,0.1875,0.132812,0.136719,0.191406,0.304688,0.375,0.292969,0.183594,0.132812,0.132812,0.191406,0.316406,0.386719,0.296875
200,0.1875,0.132812,0.136719,0.191406,0.304688,0.375,0.292969,0.183594,0.132812,0.132812,0.191406,0.316406,0.386719,0.296875,0.179688
201,0.132812,0.136719,0.191406,0.304688,0.375,0.292969,0.183594,0.132812,0.132812,0.191406,0.316406,0.386719,0.296875,0.179688,0.125
202,0.136719,0.191406,0.304688,0.375,0.292969,0.183594,0.132812,0.132812,0.191406,0.316406,0.386719,0.296875,0.179688,0.125,0.128906
203,0.191406,0.304688,0.375,0.292969,0.183594,0.132812,0.132812,0.191406,0.316406,0.386719,0.296875,0.179688,0.125,0.128906,0.191406
204,0.304688,0.375,0.292969,0.183594,0.132812,0.132812,0.191406,0.316406,0.386719,0.296875,0.179688,0.125,0.128906,0.191406,0.324219
205,0.375,0.292969,0.183594,0.132812,0.132812,0.191406,0.316406,0.386719,0.296875,0.179688,0.125,0.128906,0.191406,0.324219,0.394531
206,0.292969,0.183594,0.132812,0.132812,0.191406,0.316406,0.386719,0.296875,0.179688,0.125,0.128906,0.191406,0.324219,0.394531,0.289062
207,0.183594,0.132812,0.132812,0.191406,0.316406,0.386719,0.296875,0.179688,0.125,0.128906,0.191406,0.324219,0.394531,0.289062,0.171875
208,0.132812,0.132812,0.191406,0.316406,0.386719,0.296875,0.179688,0.125,0.128906,0.191406,0.324219,0.394531,0.289062,0.171875,0.125
209,0.132812,0.191406,0.316406,0.386719,0.296875,0.179688,0.125,0.128906,0.191406,0.324219,0.394531,0.289062,0.171875,0.125,0.128906
210,0.191406,0.316406,0.386719,0.296875,0.179688,0.125,0.128906,0.191406,0.324219,0.394531,0.289062,0.171875,0.125,0.128906,0.195312
211,0.316406,0.386719,0.296875,0.179688,0.125,0.128906,0.191406,0.324219,0.394531,0.289062,0.171875,0.125,0.128906,0.195312,0.332031
212,0.386719,0.296875,0.179688,0.125,0.128906,0.191406,0.324219,0.394531,0.289062,0.171875,0.125,0.128906,0.195312,0.332031,0.402344
213,0.296875,0.179688,0.125,0.128906,0.191406,0.324219,0.394531,0.289062,0.171875,0.125,0.128906,0.195312,0.332031,0.402344,0.285156
214,0.179688,0.125,0.128906,0.191406,0.324219,0.394531,0.289062,0.171875,0.125,0.128906,0.195312,0.332031,0.402344,0.285156,0.167969
215,0.125,0.128906,0.191406,0.324219,0.394531,0.289062,0.171875,0.125,0.128906,0.195312,0.332031,0.402344,0.285156,0.167969,0.117188
216,0.128906,0.191406,0.324219,0.394531,0.289062,0.171875,0.125,0.128906,0.195312,0.332031,0.402344,0.285156,0.167969,0.117188,0.121094
217,0.191406,0.324219,0.394531,0.289062,0.171875,0.125,0.128906,0.195312,0.332031,0.402344,0.285156,0.167969,0.117188,0.121094,0.191406
218,0.324219,0.394531,0.289062,0.171875,0.125,0.128906,0.195312,0.332031,0.402344,0.285156,0.167969,0.117188,0.121094,0.191406,0.332031
219,0.394531,0.289062,0.171875,0.125,0.128906,0.195312,0.332031,0.402344,0.285156,0.167969,0.117188,0.121094,0.191406,0.332031,0.414062
220,0.289062,0.171875,0.125,0.128906,0.195312,0.332031,0.402344,0.285156,0.167969,0.117188,0.121094,0.191406,0.332031,0.414062,0.289062
221,0.171875,0.125,0.128906,0.195312,0.332031,0.402344,0.285156,0.167969,0.117188,0.121094,0.191406,0.332031,0.414062,0.289062,0.167969
222,0.125,0.128906,0.195312,0.332031,0.402344,0.285156,0.167969,0.117188,0.121094,0.191406,0.332031,0.414062,0.289062,0.167969,0.121094
223,0.128906,0.195312,0.332031,0.402344,0.285156,0.167969,0.117188,0.121094,0.191406,0.332031,0.414062,0.289062,0.167969,0.121094,0.121094
224,0.195312,0.332031,0.402344,0.285156,0.167969,0.117188,0.121094,0.191406,0.332031,0.414062,0.289062,0.167969,0.121094,0.121094,0.191406
225,0.332031,0.402344,0.285156,0.167969,0.117188,0.121094,0.191406,0.332031,0.414062,0.289062,0.167969,0.121094,0.121094,0.191406,0.339844
226,0.402344,0.285156,0.167969,0.117188,0.121094,0.191406,0.332031,0.414062,0.289062,0.167969,0.121094,0.121094,0.191406,0.339844,0.425781
227,0.285156,0.167969,0.117188,0.121094,0.191406,0.332031,0.414062,0.289062,0.167969,0.121094,0.121094,0.191406,0.339844,0.425781,0.296875
228,0.167969,0.117188,0.121094,0.191406,0.332031,0.414062,0.289062,0.167969,0.121094,0.121094,0.191406,0.339844,0.425781,0.296875,0.160156
229,0.117188,0.121094,0.191406,0.332031,0.414062,0.289062,0.167969,0.121094,0.121094,0.191406,0.339844,0.425781,0.296875,0.160156,0.113281
230,0.121094,0.191406,0.332031,0.414062,0.289062,0.167969,0.121094,0.121094,0.191406,0.339844,0.425781,0.296875,0.160156,0.113281,0.117188
231,0.191406,0.332031,0.414062,0.289062,0.167969,0.121094,0.121094,0.191406,0.339844,0.425781,0.296875,0.160156,0.113281,0.117188,0.183594
232,0.332031,0.414062,0.289062,0.167969,0.121094,0.121094,0.191406,0.339844,0.425781,0.296875,0.160156,0.113281,0.117188,0.183594,0.339844
233,0.414062,0.289062,0.167969,0.121094,0.121094,0.191406,0.339844,0.425781,0.296875,0.160156,0.113281,0.117188,0.183594,0.339844,0.429688
234,0.289062,0.167969,0.121094,0.121094,0.191406,0.339844,0.425781,0.296875,0.160156,0.113281,0.117188,0.183594,0.339844,0.429688,0.296875
235,0.167969,0.121094,0.121094,0.191406,0.339844,0.425781,0.296875,0.160156,0.113281,0.117188,0.183594,0.339844,0.429688,0.296875,0.160156
236,0.121094,0.121094,0.191406,0.339844,0.425781,0.296875,0.160156,0.113281,0.117188,0.183594,0.339844,0.429688,0.296875,0.160156,0.109375
237,0.121094,0.191406,0.339844,0.425781,0.296875,0.160156,0.113281,0.117188,0.183594,0.339844,0.429688,0.296875,0.160156,0.109375,0.117188
238,0.191406,0.339844,0.425781,0.296875,0.160156,0.113281,0.117188,0.183594,0.339844,0.429688,0.296875,0.160156,0.109375,0.117188,0.183594
239,0.339844,0.425781,0.296875,0.160156,0.113281,0.117188,0.183594,0.339844,0.429688,0.296875,0.160156,0.109375,0.117188,0.183594,0.34375
240,0.425781,0.296875,0.160156,0.113281,0.117188,0.183594,0.339844,0.429688,0.296875,0.160156,0.109375,0.117188,0.183594,0.34375,0.445312
241,0.296875,0.160156,0.113281,0.117188,0.183594,0.339844,0.429688,0.296875,0.160156,0.109375,0.117188,0.183594,0.34375,0.445312,0.308594
242,0.160156,0.113281,0.117188,0.183594,0.339844,0.429688,0.296875,0.160156,0.109375,0.117188,0.183594,0.34375,0.445312,0.308594,0.160156
243,0.113281,0.117188,0.183594,0.339844,0.429688,0.296875,0.160156,0.109375,0.117188,0.183594,0.34375,0.445312,0.308594,0.160156,0.109375
244,0.117188,0.183594,0.339844,0.429688,0.296875,0.160156,0.109375,0.117188,0.183594,0.34375,0.445312,0.308594,0.160156,0.109375,0.109375
245,0.183594,0.339844,0.429688,0.296875,0.160156,0.109375,0.117188,0.183594,0.34375,0.445312,0.308594,0.160156,0.109375,0.109375,0.175781
246,0.339844,0.429688,0.296875,0.160156,0.109375,0.117188,0.183594,0.34375,0.445312,0.308594,0.160156,0.109375,0.109375,0.175781,0.335938
247,0.429688,0.296875,0.160156,0.109375,0.117188,0.183594,0.34375,0.445312,0.308594,0.160156,0.109375,0.109375,0.175781,0.335938,0.457031
248,0.296875,0.160156,0.109375,0.117188,0.183594,0.34375,0.445312,0.308594,0.160156,0.109375,0.109375,0.175781,0.335938,0.457031,0.320312
249,0.160156,0.109375,0.117188,0.183594,0.34375,0.445312,0.308594,0.160156,0.109375,0.109375,0.175781,0.335938,0.457031,0.320312,0.164062
250,0.109375,0.117188,0.183594,0.34375,0.445312,0.308594,0.160156,0.109375,0.109375,0.175781,0.335938,0.457031,0.320312,0.164062,0.101562
251,0.117188,0.183594,0.34375,0.445312,0.308594,0.160156,0.109375,0.109375,0.175781,0.335938,0.457031,0.320312,0.164062,0.101562,0.101562
252,0.183594,0.34375,0.445312,0.308594,0.160156,0.109375,0.109375,0.175781,0.335938,0.457031,0.320312,0.164062,0.101562,0.101562,0.167969
253,0.34375,0.445312,0.308594,0.160156,0.109375,0.109375,0.175781,0.335938,0.457031,0.320312,0.164062,0.101562,0.101562,0.167969,0.328125
254,0.445312,0.308594,0.160156,0.109375,0.109375,0.175781,0.335938,0.457031,0.320312,0.164062,0.101562,0.101562,0.167969,0.328125,0.464844
255,0.308594,0.160156,0.109375,0.109375,0.175781,0.335938,0.457031,0.320312,0.164062,0.101562,0.101562,0.167969,0.328125,0.464844,0.332031
256,0.160156,0.109375,0.109375,0.175781,0.335938,0.457031,0.320312,0.164062,0.101562,0.101562,0.167969,0.328125,0.464844,0.332031,0.164062
257,0.109375,0.109375,0.175781,0.335938,0.457031,0.320312,0.164062,0.101562,0.101562,0.167969,0.328125,0.464844,0.332031,0.164062,0.101562
258,0.109375,0.175781,0.335938,0.457031,0.320312,0.164062,0.101562,0.101562,0.167969,0.328125,0.464844,0.332031,0.164062,0.101562,0.0976562
259,0.175781,0.335938,0.457031,0.320312,0.164062,0.101562,0.101562,0.167969,0.328125,0.464844,0.332031,0.164062,0.101562,0.0976562,0.152344
260,0.335938,0.457031,0.320312,0.164062,0.101562,0.101562,0.167969,0.328125,0.464844,0.332031,0.164062,0.101562,0.0976562,0.152344,0.3125
261,0.457031,0.320312,0.164062,0.101562,0.101562,0.167969,0.328125,0.464844,0.332031,0.164062,0.101562,0.0976562,0.152344,0.3125,0.472656
262,0.320312,0.164062,0.101562,0.101562,0.167969,0.328125,0.464844,0.332031,0.164062,0.101562,0.0976562,0.152344,0.3125,0.472656,0.351562
263,0.164062,0.101562,0.101562,0.167969,0.328125,0.464844,0.332031,0.164062,0.101562,0.0976562,0.152344,0.3125,0.472656,0.351562,0.167969
264,0.101562,0.101562,0.167969,0.328125,0.464844,0.332031,0.164062,0.101562,0.0976562,0.152344,0.3125,0.472656,0.351562,0.167969,0.101562
265,0.101562,0.167969,0.328125,0.464844,0.332031,0.164062,0.101562,0.0976562,0.152344,0.3125,0.472656,0.351562,0.167969,0.101562,0.09375
266,0.167969,0.328125,0.464844,0.332031,0.164062,0.101562,0.0976562,0.152344,0.3125,0.472656,0.351562,0.167969,0.101562,0.09375,0.140625
267,0.328125,0.464844,0.332031,0.164062,0.101562,0.0976562,0.152344,0.3125,0.472656,0.351562,0.167969,0.101562,0.09375,0.140625,0.296875
268,0.464844,0.332031,0.164062,0.101562,0.0976562,0.152344,0.3125,0.472656,0.351562,0.167969,0.101562,0.09375,0.140625,0.296875,0.480469
269,0.332031,0.164062,0.101562,0.0976562,0.152344,0.3125,0.472656,0.351562,0.167969,0.101562,0.09375,0.140625,0.296875,0.480469,0.375
270,0.164062,0.101562,0.0976562,0.152344,0.3125,0.472656,0.351562,0.167969,0.101562,0.09375,0.140625,0.296875,0.480469,0.375,0.179688
271,0.101562,0.0976562,0.152344,0.3125,0.472656,0.351562,0.167969,0.101562,0.09375,0.140625,0.296875,0.480469,0.375,0.179688,0.101562
272,0.0976562,0.152344,0.3125,0.472656,0.351562,0.167969,0.101562,0.09375,0.140625,0.296875,0.480469,0.375,0.179688,0.101562,0.0898438
273,0.152344,0.3125,0.472656,0.351562,0.167969,0.101562,0.09375,0.140625,0.296875,0.480469,0.375,0.179688,0.101562,0.0898438,0.136719
274,0.3125,0.472656,0.351562,0.167969,0.101562,0.09375,0.140625,0.296875,0.480469,0.375,0.179688,0.101562,0.0898438,0.136719,0.28125
275,0.472656,0.351562,0.167969,0.101562,0.09375,0.140625,0.296875,0.480469,0.375,0.179688,0.101562,0.0898438,0.136719,0.28125,0.480469
276,0.351562,0.167969,0.101562,0.09375,0.140625,0.296875,0.480469,0.375,0.179688,0.101562,0.0898438,0.136719,0.28125,0.480469,0.398438
277,0.167969,0.101562,0.09375,0.140625,0.296875,0.480469,0.375,0.179688,0.101562,0.0898438,0.136719,0.28125,0.480469,0.398438,0.195312
278,0.101562,0.09375,0.140625,0.296875,0.480469,0.375,0.179688,0.101562,0.0898438,0.136719,0.28125,0.480469,0.398438,0.195312,0.105469
279,0.09375,0.140625,0.296875,0.480469,0.375,0.179688,0.101562,0.0898438,0.136719,0.28125,0.480469,0.398438,0.195312,0.105469,0.0859375
280,0.140625,0.296875,0.480469,0.375,0.179688,0.101562,0.0898438,0.136719,0.28125,0.480469,0.398438,0.195312,0.105469,0.0859375,0.121094
281,0.296875,0.480469,0.375,0.179688,0.101562,0.0898438,0.136719,0.28125,0.480469,0.398438,0.195312,0.105469,0.0859375,0.121094,0.25
282,0.480469,0.375,0.179688,0.101562,0.0898438,0.136719,0.28125,0.480469,0.398438,0.195312,0.105469,0.0859375,0.121094,0.25,0.472656
283,0.375,0.179688,0.101562,0.0898438,0.136719,0.28125,0.480469,0.398438,0.195312,0.105469,0.0859375,0.121094,0.25,0.472656,0.429688
284,0.179688,0.101562,0.0898438,0.136719,0.28125,0.480469,0.398438,0.195312,0.105469,0.0859375,0.121094,0.25,0.472656,0.429688,0.207031
285,0.101562,0.0898438,0.136719,0.28125,0.480469,0.398438,0.195312,0.105469,0.0859375,0.121094,0.25,0.472656,0.429688,0.207031,0.105469
286,0.0898438,0.136719,0.28125,0.480469,0.398438,0.195312,0.105469,0.0859375,0.121094,0.25,0.472656,0.429688,0.207031,0.105469,0.0820312
287,0.136719,0.28125,0.480469,0.398438,0.195312,0.105469,0.0859375,0.121094,0.25,0.472656,0.429688,0.207031,0.105469,0.0820312,0.109375
288,0.28125,0.480469,0.398438,0.195312,0.105469,0.0859375,0.121094,0.25,0.472656,0.429688,0.207031,0.105469,0.0820312,0.109375,0.222656
289,0.480469,0.398438,0.195312,0.105469,0.0859375,0.121094,0.25,0.472656,0.429688,0.207031,0.105469,0.0820312,0.109375,0.222656,0.457031
290,0.398438,0.195312,0.105469,0.0859375,0.121094,0.25,0.472656,0.429688,0.207031,0.105469,0.0820312,0.109375,0.222656,0.457031,0.46875
291,0.195312,0.105469,0.0859375,0.121094,0.25,0.472656,0.429688,0.207031,0.105469,0.0820312,0.109375,0.222656,0.457031,0.46875,0.230469
292,0.105469,0.0859375,0.121094,0.25,0.472656,0.429688,0.207031,0.105469,0.0820312,0.109375,0.222656,0.457031,0.46875,0.230469,0.109375
293,0.0859375,0.121094,0.25,0.472656,0.429688,0.207031,0.105469,0.0820312,0.109375,0.222656,0.457031,0.46875,0.230469,0.109375,0.078125
294,0.121094,0.25,0.472656,0.429688,0.207031,0.105469,0.0820312,0.109375,0.222656,0.457031,0.46875,0.230469,0.109375,0.078125,0.0976562
295,0.25,0.472656,0.429688,0.207031,0.105469,0.0820312,0.109375,0.222656,0.457031,0.46875,0.230469,0.109375,0.078125,0.0976562,0.191406
296,0.472656,0.429688,0.207031,0.105469,0.0820312,0.109375,0.222656,0.457031,0.46875,0.230469,0.109375,0.078125,0.0976562,0.191406,0.425781
297,0.429688,0.207031,0.105469,0.0820312,0.109375,0.222656,0.457031,0.46875,0.230469,0.109375,0.078125,0.0976562,0.191406,0.425781,0.5
298,0.207031,0.105469,0.0820312,0.109375,0.222656,0.457031,0.46875,0.230469,0.109375,0.078125,0.0976562,0.191406,0.425781,0.5,0.265625
299,0.105469,0.0820312,0.109375,0.222656,0.457031,0.46875,0.230469,0.109375,0.078125,0.0976562,0.191406,0.425781,0.5,0.265625,0.121094
300,0.0820312,0.109375,0.222656,0.457031,0.46875,0.230469,0.109375,0.078125,0.0976562,0.191406,0.425781,0.5,0.265625,0.121094,0.078125
301,0.109375,0.222656,0.457031,0.46875,0.230469,0.109375,0.078125,0.0976562,0.191406,0.425781,0.5,0.265625,0.121094,0.078125,0.0898438
302,0.222656,0.457031,0.46875,0.230469,0.109375,0.078125,0.0976562,0.191406,0.425781,0.5,0.265625,0.121094,0.078125,0.0898438,0.167969
303,0.457031,0.46875,0.230469,0.109375,0.078125,0.0976562,0.191406,0.425781,0.5,0.265625,0.121094,0.078125,0.0898438,0.167969,0.382812
304,0.46875,0.230469,0.109375,0.078125,0.0976562,0.191406,0.425781,0.5,0.265625,0.121094,0.078125,0.0898438,0.167969,0.382812,0.527344
305,0.230469,0.109375,0.078125,0.0976562,0.191406,0.425781,0.5,0.265625,0.121094,0.078125,0.0898438,0.167969,0.382812,0.527344,0.300781
306,0.109375,0.078125,0.0976562,0.191406,0.425781,0.5,0.265625,0.121094,0.078125,0.0898438,0.167969,0.382812,0.527344,0.300781,0.132812
307,0.078125,0.0976562,0.191406,0.425781,0.5,0.265625,0.121094,0.078125,0.0898438,0.167969,0.382812,0.527344,0.300781,0.132812,0.0859375
308,0.0976562,0.191406,0.425781,0.5,0.265625,0.121094,0.078125,0.0898438,0.167969,0.382812,0.527344,0.300781,0.132812,0.0859375,0.0859375
309,0.191406,0.425781,0.5,0.265625,0.121094,0.078125,0.0898438,0.167969,0.382812,0.527344,0.300781,0.132812,0.0859375,0.0859375,0.140625
310,0.425781,0.5,0.265625,0.121094,0.078125,0.0898438,0.167969,0.382812,0.527344,0.300781,0.132812,0.0859375,0.0859375,0.140625,0.335938
311,0.5,0.265625,0.121094,0.078125,0.0898438,0.167969,0.382812,0.527344,0.300781,0.132812,0.0859375,0.0859375,0.140625,0.335938,0.542969
312,0.265625,0.121094,0.078125,0.0898438,0.167969,0.382812,0.527344,0.300781,0.132812,0.0859375,0.0859375,0.140625,0.335938,0.542969,0.355469
313,0.121094,0.078125,0.0898438,0.167969,0.382812,0.527344,0.300781,0.132812,0.0859375,0.0859375,0.140625,0.335938,0.542969,0.355469,0.148438
314,0.078125,0.0898438,0.167969,0.382812,0.527344,0.300781,0.132812,0.0859375,0.0859375,0.140625,0.335938,0.542969,0.355469,0.148438,0.0820312
315,0.0898438,0.167969,0.382812,0.527344,0.300781,0.132812,0.0859375,0.0859375,0.140625,0.335938,0.542969,0.355469,0.148438,0.0820312,0.0742188
316,0.167969,0.382812,0.527344,0.300781,0.132812,0.0859375,0.0859375,0.140625,0.335938,0.542969,0.355469,0.148438,0.0820312,0.0742188,0.117188
317,0.382812,0.527344,0.300781,0.132812,0.0859375,0.0859375,0.140625,0.335938,0.542969,0.355469,0.148438,0.0820312,0.0742188,0.117188,0.285156
318,0.527344,0.300781,0.132812,0.0859375,0.0859375,0.140625,0.335938,0.542969,0.355469,0.148438,0.0820312,0.0742188,0.117188,0.285156,0.535156
319,0.300781,0.132812,0.0859375,0.0859375,0.140625,0.335938,0.542969,0.355469,0.148438,0.0820312,0.0742188,0.117188,0.285156,0.535156,0.417969
320,0.132812,0.0859375,0.0859375,0.140625,0.335938,0.542969,0.355469,0.148438,0.0820312,0.0742188,0.117188,0.285156,0.535156,0.417969,0.171875
321,0.0859375,0.0859375,0.140625,0.335938,0.542969,0.355469,0.148438,0.0820312,0.0742188,0.117188,0.285156,0.535156,0.417969,0.171875,0.0898438
322,0.0859375,0.140625,0.335938,0.542969,0.355469,0.148438,0.0820312,0.0742188,0.117188,0.285156,0.535156,0.417969,0.171875,0.0898438,0.0742188
323,0.140625,0.335938,0.542969,0.355469,0.148438,0.0820312,0.0742188,0.117188,0.285156,0.535156,0.417969,0.171875,0.0898438,0.0742188,0.101562
324,0.335938,0.542969,0.355469,0.148438,0.0820312,0.0742188,0.117188,0.285156,0.535156,0.417969,0.171875,0.0898438,0.0742188,0.101562,0.230469
325,0.542969,0.355469,0.148438,0.0820312,0.0742188,0.117188,0.285156,0.535156,0.417969,0.171875,0.0898438,0.0742188,0.101562,0.230469,0.503906
326,0.355469,0.148438,0.0820312,0.0742188,0.117188,0.285156,0.535156,0.417969,0.171875,0.0898438,0.0742188,0.101562,0.230469,0.503906,0.488281
327,0.148438,0.0820312,0.0742188,0.117188,0.285156,0.535156,0.417969,0.171875,0.0898438,0.0742188,0.101562,0.230469,0.503906,0.488281,0.214844
328,0.0820312,0.0742188,0.117188,0.285156,0.535156,0.417969,0.171875,0.0898438,0.0742188,0.101562,0.230469,0.503906,0.488281,0.214844,0.09375
329,0.0742188,0.117188,0.285156,0.535156,0.417969,0.171875,0.0898438,0.0742188,0.101562,0.230469,0.503906,0.488281,0.214844,0.09375,0.0703125
330,0.117188,0.285156,0.535156,0.417969,0.171875,0.0898438,0.0742188,0.101562,0.230469,0.503906,0.488281,0.214844,0.09375,0.0703125,0.0859375
331,0.285156,0.535156,0.417969,0.171875,0.0898438,0.0742188,0.101562,0.230469,0.503906,0.488281,0.214844,0.09375,0.0703125,0.0859375,0.183594
332,0.535156,0.417969,0.171875,0.0898438,0.0742188,0.101562,0.230469,0.503906,0.488281,0.214844,0.09375,0.0703125,0.0859375,0.183594,0.445312
333,0.417969,0.171875,0.0898438,0.0742188,0.101562,0.230469,0.503906,0.488281,0.214844,0.09375,0.0703125,0.0859375,0.183594,0.445312,0.546875
334,0.171875,0.0898438,0.0742188,0.101562,0.230469,0.503906,0.488281,0.214844,0.09375,0.0703125,0.0859375,0.183594,0.445312,0.546875,0.265625
335,0.0898438,0.0742188,0.101562,0.230469,0.503906,0.488281,0.214844,0.09375,0.0703125,0.0859375,0.183594,0.445312,0.546875,0.265625,0.109375
336,0.0742188,0.101562,0.230469,0.503906,0.488281,0.214844,0.09375,0.0703125,0.0859375,0.183594,0.445312,0.546875,0.265625,0.109375,0.0703125
337,0.101562,0.230469,0.503906,0.488281,0.214844,0.09375,0.0703125,0.0859375,0.183594,0.445312,0.546875,0.265625,0.109375,0.0703125,0.0742188
338,0.230469,0.503906,0.488281,0.214844,0.09375,0.0703125,0.0859375,0.183594,0.445312,0.546875,0.265625,0.109375,0.0703125,0.0742188,0.140625
339,0.503906,0.488281,0.214844,0.09375,0.0703125,0.0859375,0.183594,0.445312,0.546875,0.265625,0.109375,0.0703125,0.0742188,0.140625,0.363281
340,0.488281,0.214844,0.09375,0.0703125,0.0859375,0.183594,0.445312,0.546875,0.265625,0.109375,0.0703125,0.0742188,0.140625,0.363281,0.585938
341,0.214844,0.09375,0.0703125,0.0859375,0.183594,0.445312,0.546875,0.265625,0.109375,0.0703125,0.0742188,0.140625,0.363281,0.585938,0.34375
342,0.09375,0.0703125,0.0859375,0.183594,0.445312,0.546875,0.265625,0.109375,0.0703125,0.0742188,0.140625,0.363281,0.585938,0.34375,0.132812
343,0.0703125,0.0859375,0.183594,0.445312,0.546875,0.265625,0.109375,0.0703125,0.0742188,0.140625,0.363281,0.585938,0.34375,0.132812,0.0742188
344,0.0859375,0.183594,0.445312,0.546875,0.265625,0.109375,0.0703125,0.0742188,0.140625,0.363281,0.585938,0.34375,0.132812,0.0742188,0.0703125
345,0.183594,0.445312,0.546875,0.265625,0.109375,0.0703125,0.0742188,0.140625,0.363281,0.585938,0.34375,0.132812,0.0742188,0.0703125,0.109375
346,0.445312,0.546875,0.265625,0.109375,0.0703125,0.0742188,0.140625,0.363281,0.585938,0.34375,0.132812,0.0742188,0.0703125,0.109375,0.28125
347,0.546875,0.265625,0.109375,0.0703125,0.0742188,0.140625,0.363281,0.585938,0.34375,0.132812,0.0742188,0.0703125,0.109375,0.28125,0.574219
348,0.265625,0.109375,0.0703125,0.0742188,0.140625,0.363281,0.585938,0.34375,0.132812,0.0742188,0.0703125,0.109375,0.28125,0.574219,0.4375
349,0.109375,0.0703125,0.0742188,0.140625,0.363281,0.585938,0.34375,0.132812,0.0742188,0.0703125,0.109375,0.28125,0.574219,0.4375,0.167969
350,0.0703125,0.0742188,0.140625,0.363281,0.585938,0.34375,0.132812,0.0742188,0.0703125,0.109375,0.28125,0.574219,0.4375,0.167969,0.078125
351,0.0742188,0.140625,0.363281,0.585938,0.34375,0.132812,0.0742188,0.0703125,0.109375,0.28125,0.574219,0.4375,0.167969,0.078125,0.0625
352,0.140625,0.363281,0.585938,0.34375,0.132812,0.0742188,0.0703125,0.109375,0.28125,0.574219,0.4375,0.167969,0.078125,0.0625,0.0898438
353,0.363281,0.585938,0.34375,0.132812,0.0742188,0.0703125,0.109375,0.28125,0.574219,0.4375,0.167969,0.078125,0.0625,0.0898438,0.207031
354,0.585938,0.34375,0.132812,0.0742188,0.0703125,0.109375,0.28125,0.574219,0.4375,0.167969,0.078125,0.0625,0.0898438,0.207031,0.511719
355,0.34375,0.132812,0.0742188,0.0703125,0.109375,0.28125,0.574219,0.4375,0.167969,0.078125,0.0625,0.0898438,0.207031,0.511719,0.535156
356,0.132812,0.0742188,0.0703125,0.109375,0.28125,0.574219,0.4375,0.167969,0.078125,0.0625,0.0898438,0.207031,0.511719,0.535156,0.226562
357,0.0742188,0.0703125,0.109375,0.28125,0.574219,0.4375,0.167969,0.078125,0.0625,0.0898438,0.207031,0.511719,0.535156,0.226562,0.09375
358,0.0703125,0.109375,0.28125,0.574219,0.4375,0.167969,0.078125,0.0625,0.0898438,0.207031,0.511719,0.535156,0.226562,0.09375,0.0625
359,0.109375,0.28125,0.574219,0.4375,0.167969,0.078125,0.0625,0.0898438,0.207031,0.511719,0.535156,0.226562,0.09375,0.0625,0.0742188
360,0.28125,0.574219,0.4375,0.167969,0.078125,0.0625,0.0898438,0.207031,0.511719,0.535156,0.226562,0.09375,0.0625,0.0742188,0.148438
361,0.574219,0.4375,0.167969,0.078125,0.0625,0.0898438,0.207031,0.511719,0.535156,0.226562,0.09375,0.0625,0.0742188,0.148438,0.40625
362,0.4375,0.167969,0.078125,0.0625,0.0898438,0.207031,0.511719,0.535156,0.226562,0.09375,0.0625,0.0742188,0.148438,0.40625,0.609375
363,0.167969,0.078125,0.0625,0.0898438,0.207031,0.511719,0.535156,0.226562,0.09375,0.0625,0.0742188,0.148438,0.40625,0.609375,0.3125
364,0.078125,0.0625,0.0898438,0.207031,0.511719,0.535156,0.226562,0.09375,0.0625,0.0742188,0.148438,0.40625,0.609375,0.3125,0.117188
365,0.0625,0.0898438,0.207031,0.511719,0.535156,0.226562,0.09375,0.0625,0.0742188,0.148438,0.40625,0.609375,0.3125,0.117188,0.0664062
366,0.0898438,0.207031,0.511719,0.535156,0.226562,0.09375,0.0625,0.0742188,0.148438,0.40625,0.609375,0.3125,0.117188,0.0664062,0.0625
367,0.207031,0.511719,0.535156,0.226562,0.09375,0.0625,0.0742188,0.148438,0.40625,0.609375,0.3125,0.117188,0.0664062,0.0625,0.109375
368,0.511719,0.535156,0.226562,0.09375,0.0625,0.0742188,0.148438,0.40625,0.609375,0.3125,0.117188,0.0664062,0.0625,0.109375,0.292969
369,0.535156,0.226562,0.09375,0.0625,0.0742188,0.148438,0.40625,0.609375,0.3125,0.117188,0.0664062,0.0625,0.109375,0.292969,0.609375
370,0.226562,0.09375,0.0625,0.0742188,0.148438,0.40625,0.609375,0.3125,0.117188,0.0664062,0.0625,0.109375,0.292969,0.609375,0.4375
371,0.09375,0.0625,0.0742188,0.148438,0.40625,0.609375,0.3125,0.117188,0.0664062,0.0625,0.109375,0.292969,0.609375,0.4375,0.15625
372,0.0625,0.0742188,0.148438,0.40625,0.609375,0.3125,0.117188,0.0664062,0.0625,0.109375,0.292969,0.609375,0.4375,0.15625,0.0703125
373,0.0742188,0.148438,0.40625,0.609375,0.3125,0.117188,0.0664062,0.0625,0.109375,0.292969,0.609375,0.4375,0.15625,0.0703125,0.0585938
374,0.148438,0.40625,0.609375,0.3125,0.117188,0.0664062,0.0625,0.109375,0.292969,0.609375,0.4375,0.15625,0.0703125,0.0585938,0.0820312
375,0.40625,0.609375,0.3125,0.117188,0.0664062,0.0625,0.109375,0.292969,0.609375,0.4375,0.15625,0.0703125,0.0585938,0.0820312,0.199219
376,0.609375,0.3125,0.117188,0.0664062,0.0625,0.109375,0.292969,0.609375,0.4375,0.15625,0.0703125,0.0585938,0.0820312,0.199219,0.515625
377,0.3125,0.117188,0.0664062,0.0625,0.109375,0.292969,0.609375,0.4375,0.15625,0.0703125,0.0585938,0.0820312,0.199219,0.515625,0.566406
378,0.117188,0.0664062,0.0625,0.109375,0.292969,0.609375,0.4375,0.15625,0.0703125,0.0585938,0.0820312,0.199219,0.515625,0.566406,0.230469
379,0.0664062,0.0625,0.109375,0.292969,0.609375,0.4375,0.15625,0.0703125,0.0585938,0.0820312,0.199219,0.515625,0.566406,0.230469,0.0859375
380,0.0625,0.109375,0.292969,0.609375,0.4375,0.15625,0.0703125,0.0585938,0.0820312,0.199219,0.515625,0.566406,0.230469,0.0859375,0.0585938
381,0.109375,0.292969,0.609375,0.4375,0.15625,0.0703125,0.0585938,0.0820312,0.199219,0.515625,0.566406,0.230469,0.0859375,0.0585938,0.0664062
382,0.292969,0.609375,0.4375,0.15625,0.0703125,0.0585938,0.0820312,0.199219,0.515625,0.566406,0.230469,0.0859375,0.0585938,0.0664062,0.125
383,0.609375,0.4375,0.15625,0.0703125,0.0585938,0.0820312,0.199219,0.515625,0.566406,0.230469,0.0859375,0.0585938,0.0664062,0.125,0.375
384,0.4375,0.15625,0.0703125,0.0585938,0.0820312,0.199219,0.515625,0.566406,0.230469,0.0859375,0.0585938,0.0664062,0.125,0.375,0.640625
385,0.15625,0.0703125,0.0585938,0.0820312,0.199219,0.515625,0.566406,0.230469,0.0859375,0.0585938,0.0664062,0.125,0.375,0.640625,0.347656
386,0.0703125,0.0585938,0.0820312,0.199219,0.515625,0.566406,0.230469,0.0859375,0.0585938,0.0664062,0.125,0.375,0.640625,0.347656,0.117188
387,0.0585938,0.0820312,0.199219,0.515625,0.566406,0.230469,0.0859375,0.0585938,0.0664062,0.125,0.375,0.640625,0.347656,0.117188,0.0625
388,0.0820312,0.199219,0.515625,0.566406,0.230469,0.0859375,0.0585938,0.0664062,0.125,0.375,0.640625,0.347656,0.117188,0.0625,0.0546875
389,0.199219,0.515625,0.566406,0.230469,0.0859375,0.0585938,0.0664062,0.125,0.375,0.640625,0.347656,0.117188,0.0625,0.0546875,0.09375
390,0.515625,0.566406,0.230469,0.0859375,0.0585938,0.0664062,0.125,0.375,0.640625,0.347656,0.117188,0.0625,0.0546875,0.09375,0.242188
391,0.566406,0.230469,0.0859375,0.0585938,0.0664062,0.125,0.375,0.640625,0.347656,0.117188,0.0625,0.0546875,0.09375,0.242188,0.597656
392,0.230469,0.0859375,0.0585938,0.0664062,0.125,0.375,0.640625,0.347656,0.117188,0.0625,0.0546875,0.09375,0.242188,0.597656,0.507812
393,0.0859375,0.0585938,0.0664062,0.125,0.375,0.640625,0.347656,0.117188,0.0625,0.0546875,0.09375,0.242188,0.597656,0.507812,0.179688
394,0.0585938,0.0664062,0.125,0.375,0.640625,0.347656,0.117188,0.0625,0.0546875,0.09375,0.242188,0.597656,0.507812,0.179688,0.0742188
395,0.0664062,0.125,0.375,0.640625,0.347656,0.117188,0.0625,0.0546875,0.09375,0.242188,0.597656,0.507812,0.179688,0.0742188,0.0507812
396,0.125,0.375,0.640625,0.347656,0.117188,0.0625,0.0546875,0.09375,0.242188,0.597656,0.507812,0.179688,0.0742188,0.0507812,0.0664062
397,0.375,0.640625,0.347656,0.117188,0.0625,0.0546875,0.09375,0.242188,0.597656,0.507812,0.179688,0.0742188,0.0507812,0.0664062,0.144531
398,0.640625,0.347656,0.117188,0.0625,0.0546875,0.09375,0.242188,0.597656,0.507812,0.179688,0.0742188,0.0507812,0.0664062,0.144531,0.441406
399,0.347656,0.117188,0.0625,0.0546875,0.09375,0.242188,0.597656,0.507812,0.179688,0.0742188,0.0507812,0.0664062,0.144531,0.441406,0.644531
400,0.117188,0.0625,0.0546875,0.09375,0.242188,0.597656,0.507812,0.179688,0.0742188,0.0507812,0.0664062,0.144531,0.441406,0.644531,0.292969
401,0.0625,0.0546875,0.09375,0.242188,0.597656,0.507812,0.179688,0.0742188,0.0507812,0.0664062,0.144531,0.441406,0.644531,0.292969,0.0976562
402,0.0546875,0.09375,0.242188,0.597656,0.507812,0.179688,0.0742188,0.0507812,0.0664062,0.144531,0.441406,0.644531,0.292969,0.0976562,0.0546875
403,0.09375,0.242188,0.597656,0.507812,0.179688,0.0742188,0.0507812,0.0664062,0.144531,0.441406,0.644531,0.292969,0.0976562,0.0546875,0.0507812
404,0.242188,0.597656,0.507812,0.179688,0.0742188,0.0507812,0.0664062,0.144531,0.441406,0.644531,0.292969,0.0976562,0.0546875,0.0507812,0.09375
405,0.597656,0.507812,0.179688,0.0742188,0.0507812,0.0664062,0.144531,0.441406,0.644531,0.292969,0.0976562,0.0546875,0.0507812,0.09375,0.265625
406,0.507812,0.179688,0.0742188,0.0507812,0.0664062,0.144531,0.441406,0.644531,0.292969,0.0976562,0.0546875,0.0507812,0.09375,0.265625,0.640625
407,0.179688,0.0742188,0.0507812,0.0664062,0.144531,0.441406,0.644531,0.292969,0.0976562,0.0546875,0.0507812,0.09375,0.265625,0.640625,0.480469
408,0.0742188,0.0507812,0.0664062,0.144531,0.441406,0.644531,0.292969,0.0976562,0.0546875,0.0507812,0.09375,0.265625,0.640625,0.480469,0.15625
409,0.0507812,0.0664062,0.144531,0.441406,0.644531,0.292969,0.0976562,0.0546875,0.0507812,0.09375,0.265625,0.640625,0.480469,0.15625,0.0664062
410,0.0664062,0.144531,0.441406,0.644531,0.292969,0.0976562,0.0546875,0.0507812,0.09375,0.265625,0.640625,0.480469,0.15625,0.0664062,0.0507812
411,0.144531,0.441406,0.644531,0.292969,0.0976562,0.0546875,0.0507812,0.09375,0.265625,0.640625,0.480469,0.15625,0.0664062,0.0507812,0.0625
412,0.441406,0.644531,0.292969,0.0976562,0.0546875,0.0507812,0.09375,0.265625,0.640625,0.480469,0.15625,0.0664062,0.0507812,0.0625,0.148438
413,0.644531,0.292969,0.0976562,0.0546875,0.0507812,0.09375,0.265625,0.640625,0.480469,0.15625,0.0664062,0.0507812,0.0625,0.148438,0.460938
414,0.292969,0.0976562,0.0546875,0.0507812,0.09375,0.265625,0.640625,0.480469,0.15625,0.0664062,0.0507812,0.0625,0.148438,0.460938,0.664062
415,0.0976562,0.0546875,0.0507812,0.09375,0.265625,0.640625,0.480469,0.15625,0.0664062,0.0507812,0.0625,0.148438,0.460938,0.664062,0.277344
416,0.0546875,0.0507812,0.09375,0.265625,0.640625,0.480469,0.15625,0.0664062,0.0507812,0.0625,0.148438,0.460938,0.664062,0.277344,0.09375
417,0.0507812,0.09375,0.265625,0.640625,0.480469,0.15625,0.0664062,0.0507812,0.0625,0.148438,0.460938,0.664062,0.277344,0.09375,0.0507812
418,0.09375,0.265625,0.640625,0.480469,0.15625,0.0664062,0.0507812,0.0625,0.148438,0.460938,0.664062,0.277344,0.09375,0.0507812,0.046875
419,0.265625,0.640625,0.480469,0.15625,0.0664062,0.0507812,0.0625,0.148438,0.460938,0.664062,0.277344,0.09375,0.0507812,0.046875,0.0859375
420,0.640625,0.480469,0.15625,0.0664062,0.0507812,0.0625,0.148438,0.460938,0.664062,0.277344,0.09375,0.0507812,0.046875,0.0859375,0.253906
421,0.480469,0.15625,0.0664062,0.0507812,0.0625,0.148438,0.460938,0.664062,0.277344,0.09375,0.0507812,0.046875,0.0859375,0.253906,0.652344
422,0.15625,0.0664062,0.0507812,0.0625,0.148438,0.460938,0.664062,0.277344,0.09375,0.0507812,0.046875,0.0859375,0.253906,0.652344,0.503906
423,0.0664062,0.0507812,0.0625,0.148438,0.460938,0.664062,0.277344,0.09375,0.0507812,0.046875,0.0859375,0.253906,0.652344,0.503906,0.15625
424,0.0507812,0.0625,0.148438,0.460938,0.664062,0.277344,0.09375,0.0507812,0.046875,0.0859375,0.253906,0.652344,0.503906,0.15625,0.0625
425,0.0625,0.148438,0.460938,0.664062,0.277344,0.09375,0.0507812,0.046875,0.0859375,0.253906,0.652344,0.503906,0.15625,0.0625,0.046875
426,0.148438,0.460938,0.664062,0.277344,0.09375,0.0507812,0.046875,0.0859375,0.253906,0.652344,0.503906,0.15625,0.0625,0.046875,0.0546875
427,0.460938,0.664062,0.277344,0.09375,0.0507812,0.046875,0.0859375,0.253906,0.652344,0.503906,0.15625,0.0625,0.046875,0.0546875,0.128906
428,0.664062,0.277344,0.09375,0.0507812,0.046875,0.0859375,0.253906,0.652344,0.503906,0.15625,0.0625,0.046875,0.0546875,0.128906,0.417969
429,0.277344,0.09375,0.0507812,0.046875,0.0859375,0.253906,0.652344,0.503906,0.15625,0.0625,0.046875,0.0546875,0.128906,0.417969,0.710938
430,0.09375,0.0507812,0.046875,0.0859375,0.253906,0.652344,0.503906,0.15625,0.0625,0.046875,0.0546875,0.128906,0.417969,0.710938,0.316406
431,0.0507812,0.046875,0.0859375,0.253906,0.652344,0.503906,0.15625,0.0625,0.046875,0.0546875,0.128906,0.417969,0.710938,0.316406,0.09375
432,0.046875,0.0859375,0.253906,0.652344,0.503906,0.15625,0.0625,0.046875,0.0546875,0.128906,0.417969,0.710938,0.316406,0.09375,0.046875
433,0.0859375,0.253906,0.652344,0.503906,0.15625,0.0625,0.046875,0.0546875,0.128906,0.417969,0.710938,0.316406,0.09375,0.046875,0.0429688
434,0.253906,0.652344,0.503906,0.15625,0.0625,0.046875,0.0546875,0.128906,0.417969,0.710938,0.316406,0.09375,0.046875,0.0429688,0.0664062
435,0.652344,0.503906,0.15625,0.0625,0.046875,0.0546875,0.128906,0.417969,0.710938,0.316406,0.09375,0.046875,0.0429688,0.0664062,0.199219
436,0.503906,0.15625,0.0625,0.046875,0.0546875,0.128906,0.417969,0.710938,0.316406,0.09375,0.046875,0.0429688,0.0664062,0.199219,0.609375
437,0.15625,0.0625,0.046875,0.0546875,0.128906,0.417969,0.710938,0.316406,0.09375,0.046875,0.0429688,0.0664062,0.199219,0.609375,0.605469
438,0.0625,0.046875,0.0546875,0.128906,0.417969,0.710938,0.316406,0.09375,0.046875,0.0429688,0.0664062,0.199219,0.609375,0.605469,0.191406
439,0.046875,0.0546875,0.128906,0.417969,0.710938,0.316406,0.09375,0.046875,0.0429688,0.0664062,0.199219,0.609375,0.605469,0.191406,0.0664062
440,0.0546875,0.128906,0.417969,0.710938,0.316406,0.09375,0.046875,0.0429688,0.0664062,0.199219,0.609375,0.605469,0.191406,0.0664062,0.0429688
441,0.128906,0.417969,0.710938,0.316406,0.09375,0.046875,0.0429688,0.0664062,0.199219,0.609375,0.605469,0.191406,0.0664062,0.0429688,0.0429688
442,0.417969,0.710938,0.316406,0.09375,0.046875,0.0429688,0.0664062,0.199219,0.609375,0.605469,0.191406,0.0664062,0.0429688,0.0429688,0.0898438
443,0.710938,0.316406,0.09375,0.046875,0.0429688,0.0664062,0.199219,0.609375,0.605469,0.191406,0.0664062,0.0429688,0.0429688,0.0898438,0.300781
444,0.316406,0.09375,0.046875,0.0429688,0.0664062,0.199219,0.609375,0.605469,0.191406,0.0664062,0.0429688,0.0429688,0.0898438,0.300781,0.738281
445,0.09375,0.046875,0.0429688,0.0664062,0.199219,0.609375,0.605469,0.191406,0.0664062,0.0429688,0.0429688,0.0898438,0.300781,0.738281,0.449219
446,0.046875,0.0429688,0.0664062,0.199219,0.609375,0.605469,0.191406,0.0664062,0.0429688,0.0429688,0.0898438,0.300781,0.738281,0.449219,0.125
447,0.0429688,0.0664062,0.199219,0.609375,0.605469,0.191406,0.0664062,0.0429688,0.0429688,0.0898438,0.300781,0.738281,0.449219,0.125,0.0507812
448,0.0664062,0.199219,0.609375,0.605469,0.191406,0.0664062,0.0429688,0.0429688,0.0898438,0.300781,0.738281,0.449219,0.125,0.0507812,0.0351562
449,0.199219,0.609375,0.605469,0.191406,0.0664062,0.0429688,0.0429688,0.0898438,0.300781,0.738281,0.449219,0.125,0.0507812,0.0351562,0.046875
450,0.609375,0.605469,0.191406,0.0664062,0.0429688,0.0429688,0.0898438,0.300781,0.738281,0.449219,0.125,0.0507812,0.0351562,0.046875,0.117188
451,0.605469,0.191406,0.0664062,0.0429688,0.0429688,0.0898438,0.300781,0.738281,0.449219,0.125,0.0507812,0.0351562,0.046875,0.117188,0.417969
452,0.191406,0.0664062,0.0429688,0.0429688,0.0898438,0.300781,0.738281,0.449219,0.125,0.0507812,0.0351562,0.046875,0.117188,0.417969,0.769531
453,0.0664062,0.0429688,0.0429688,0.0898438,0.300781,0.738281,0.449219,0.125,0.0507812,0.0351562,0.046875,0.117188,0.417969,0.769531,0.320312
454,0.0429688,0.0429688,0.0898438,0.300781,0.738281,0.449219,0.125,0.0507812,0.0351562,0.046875,0.117188,0.417969,0.769531,0.320312,0.0898438
455,0.0429688,0.0898438,0.300781,0.738281,0.449219,0.125,0.0507812,0.0351562,0.046875,0.117188,0.417969,0.769531,0.320312,0.0898438,0.0390625
456,0.0898438,0.300781,0.738281,0.449219,0.125,0.0507812,0.0351562,0.046875,0.117188,0.417969,0.769531,0.320312,0.0898438,0.0390625,0.0351562
457,0.300781,0.738281,0.449219,0.125,0.0507812,0.0351562,0.046875,0.117188,0.417969,0.769531,0.320312,0.0898438,0.0390625,0.0351562,0.046875
458,0.738281,0.449219,0.125,0.0507812,0.0351562,0.046875,0.117188,0.417969,0.769531,0.320312,0.0898438,0.0390625,0.0351562,0.046875,0.140625
459,0.449219,0.125,0.0507812,0.0351562,0.046875,0.117188,0.417969,0.769531,0.320312,0.0898438,0.0390625,0.0351562,0.046875,0.140625,0.523438
460,0.125,0.0507812,0.0351562,0.046875,0.117188,0.417969,0.769531,0.320312,0.0898438,0.0390625,0.0351562,0.046875,0.140625,0.523438,0.75
461,0.0507812,0.0351562,0.046875,0.117188,0.417969,0.769531,0.320312,0.0898438,0.0390625,0.0351562,0.046875,0.140625,0.523438,0.75,0.25
462,0.0351562,0.046875,0.117188,0.417969,0.769531,0.320312,0.0898438,0.0390625,0.0351562,0.046875,0.140625,0.523438,0.75,0.25,0.0703125
463,0.046875,0.117188,0.417969,0.769531,0.320312,0.0898438,0.0390625,0.0351562,0.046875,0.140625,0.523438,0.75,0.25,0.0703125,0.0390625
464,0.117188,0.417969,0.769531,0.320312,0.0898438,0.0390625,0.0351562,0.046875,0.140625,0.523438,0.75,0.25,0.0703125,0.0390625,0.03125
465,0.417969,0.769531,0.320312,0.0898438,0.0390625,0.0351562,0.046875,0.140625,0.523438,0.75,0.25,0.0703125,0.0390625,0.03125,0.0507812
466,0.769531,0.320312,0.0898438,0.0390625,0.0351562,0.046875,0.140625,0.523438,0.75,0.25,0.0703125,0.0390625,0.03125,0.0507812,0.144531
467,0.320312,0.0898438,0.0390625,0.0351562,0.046875,0.140625,0.523438,0.75,0.25,0.0703125,0.0390625,0.03125,0.0507812,0.144531,0.578125
468,0.0898438,0.0390625,0.0351562,0.046875,0.140625,0.523438,0.75,0.25,0.0703125,0.0390625,0.03125,0.0507812,0.144531,0.578125,0.761719
469,0.0390625,0.0351562,0.046875,0.140625,0.523438,0.75,0.25,0.0703125,0.0390625,0.03125,0.0507812,0.144531,0.578125,0.761719,0.226562
470,0.0351562,0.046875,0.140625,0.523438,0.75,0.25,0.0703125,0.0390625,0.03125,0.0507812,0.144531,0.578125,0.761719,0.226562,0.0625
471,0.046875,0.140625,0.523438,0.75,0.25,0.0703125,0.0390625,0.03125,0.0507812,0.144531,0.578125,0.761719,0.226562,0.0625,0.0351562
472,0.140625,0.523438,0.75,0.25,0.0703125,0.0390625,0.03125,0.0507812,0.144531,0.578125,0.761719,0.226562,0.0625,0.0351562,0.03125
473,0.523438,0.75,0.25,0.0703125,0.0390625,0.03125,0.0507812,0.144531,0.578125,0.761719,0.226562,0.0625,0.0351562,0.03125,0.0390625
474,0.75,0.25,0.0703125,0.0390625,0.03125,0.0507812,0.144531,0.578125,0.761719,0.226562,0.0625,0.0351562,0.03125,0.0390625,0.113281
475,0.25,0.0703125,0.0390625,0.03125,0.0507812,0.144531,0.578125,0.761719,0.226562,0.0625,0.0351562,0.03125,0.0390625,0.113281,0.515625
476,0.0703125,0.0390625,0.03125,0.0507812,0.144531,0.578125,0.761719,0.226562,0.0625,0.0351562,0.03125,0.0390625,0.113281,0.515625,0.859375
477,0.0390625,0.03125,0.0507812,0.144531,0.578125,0.761719,0.226562,0.0625,0.0351562,0.03125,0.0390625,0.113281,0.515625,0.859375,0.261719
478,0.03125,0.0507812,0.144531,0.578125,0.761719,0.226562,0.0625,0.0351562,0.03125,0.0390625,0.113281,0.515625,0.859375,0.261719,0.0585938
479,0.0507812,0.144531,0.578125,0.761719,0.226562,0.0625,0.0351562,0.03125,0.0390625,0.113281,0.515625,0.859375,0.261719,0.0585938,0.03125
480,0.144531,0.578125,0.761719,0.226562,0.0625,0.0351562,0.03125,0.0390625,0.113281,0.515625,0.859375,0.261719,0.0585938,0.03125,0.0234375
481,0.578125,0.761719,0.226562,0.0625,0.0351562,0.03125,0.0390625,0.113281,0.515625,0.859375,0.261719,0.0585938,0.03125,0.0234375,0.0273438
482,0.761719,0.226562,0.0625,0.0351562,0.03125,0.0390625,0.113281,0.515625,0.859375,0.261719,0.0585938,0.03125,0.0234375,0.0273438,0.0546875
483,0.226562,0.0625,0.0351562,0.03125,0.0390625,0.113281,0.515625,0.859375,0.261719,0.0585938,0.03125,0.0234375,0.0273438,0.0546875,0.257812
484,0.0625,0.0351562,0.03125,0.0390625,0.113281,0.515625,0.859375,0.261719,0.0585938,0.03125,0.0234375,0.0273438,0.0546875,0.257812,0.925781
485,0.0351562,0.03125,0.0390625,0.113281,0.515625,0.859375,0.261719,0.0585938,0.03125,0.0234375,0.0273438,0.0546875,0.257812,0.925781,0.535156
486,0.03125,0.0390625,0.113281,0.515625,0.859375,0.261719,0.0585938,0.03125,0.0234375,0.0273438,0.0546875,0.257812,0.925781,0.535156,0.0976562
487,0.0390625,0.113281,0.515625,0.859375,0.261719,0.0585938,0.03125,0.0234375,0.0273438,0.0546875,0.257812,0.925781,0.535156,0.0976562,0.0351562
488,0.113281,0.515625,0.859375,0.261719,0.0585938,0.03125,0.0234375,0.0273438,0.0546875,0.257812,0.925781,0.535156,0.0976562,0.0351562,0.0234375
489,0.515625,0.859375,0.261719,0.0585938,0.03125,0.0234375,0.0273438,0.0546875,0.257812,0.925781,0.535156,0.0976562,0.0351562,0.0234375,0.0195312
490,0.859375,0.261719,0.0585938,0.03125,0.0234375,0.0273438,0.0546875,0.257812,0.925781,0.535156,0.0976562,0.0351562,0.0234375,0.0195312,0.015625
491,0.261719,0.0585938,0.03125,0.0234375,0.0273438,0.0546875,0.257812,0.925781,0.535156,0.0976562,0.0351562,0.0234375,0.0195312,0.015625,0.0195312
492,0.0585938,0.03125,0.0234375,0.0273438,0.0546875,0.257812,0.925781,0.535156,0.0976562,0.0351562,0.0234375,0.0195312,0.015625,0.0195312,0.0976562
493,0.03125,0.0234375,0.0273438,0.0546875,0.257812,0.925781,0.535156,0.0976562,0.0351562,0.0234375,0.0195312,0.015625,0.0195312,0.0976562,0.644531
494,0.0234375,0.0273438,0.0546875,0.257812,0.925781,0.535156,0.0976562,0.0351562,0.0234375,0.0195312,0.015625,0.0195312,0.0976562,0.644531,0.910156
495,0.0273438,0.0546875,0.257812,0.925781,0.535156,0.0976562,0.0351562,0.0234375,0.0195312,0.015625,0.0195312,0.0976562,0.644531,0.910156,0.199219
496,0.0546875,0.257812,0.925781,0.535156,0.0976562,0.0351562,0.0234375,0.0195312,0.015625,0.0195312,0.0976562,0.644531,0.910156,0.199219,0.046875
497,0.257812,0.925781,0.535156,0.0976562,0.0351562,0.0234375,0.0195312,0.015625,0.0195312,0.0976562,0.644531,0.910156,0.199219,0.046875,0.0273438
498,0.925781,0.535156,0.0976562,0.0351562,0.0234375,0.0195312,0.015625,0.0195312,0.0976562,0.644531,0.910156,0.199219,0.046875,0.0273438,0.0273438
499,0.535156,0.0976562,0.0351562,0.0234375,0.0195312,0.015625,0.0195312,0.0976562,0.644531,0.910156,0.199219,0.046875,0.0273438,0.0273438,0.0273438
500,0.0976562,0.0351562,0.0234375,0.0195312,0.015625,0.0195312,0.0976562,0.644531,0.910156,0.199219,0.046875,0.0273438,0.0273438,0.0273438,0.0703125
501,0.0351562,0.0234375,0.0195312,0.015625,0.0195312,0.0976562,0.644531,0.910156,0.199219,0.046875,0.0273438,0.0273438,0.0273438,0.0703125,0.3125
502,0.0234375,0.0195312,0.015625,0.0195312,0.0976562,0.644531,0.910156,0.199219,0.046875,0.0273438,0.0273438,0.0273438,0.0703125,0.3125,0.785156
503,0.0195312,0.015625,0.0195312,0.0976562,0.644531,0.910156,0.199219,0.046875,0.0273438,0.0273438,0.0273438,0.0703125,0.3125,0.785156,0.425781
504,0.015625,0.0195312,0.0976562,0.644531,0.910156,0.199219,0.046875,0.0273438,0.0273438,0.0273438,0.0703125,0.3125,0.785156,0.425781,0.113281
505,0.0195312,0.0976562,0.644531,0.910156,0.199219,0.046875,0.0273438,0.0273438,0.0273438,0.0703125,0.3125,0.785156,0.425781,0.113281,0.046875
506,0.0976562,0.644531,0.910156,0.199219,0.046875,0.0273438,0.0273438,0.0273438,0.0703125,0.3125,0.785156,0.425781,0.113281,0.046875,0.0390625
507,0.644531,0.910156,0.199219,0.046875,0.0273438,0.0273438,0.0273438,0.0703125,0.3125,0.785156,0.425781,0.113281,0.046875,0.0390625,0.0546875
508,0.910156,0.199219,0.046875,0.0273438,0.0273438,0.0273438,0.0703125,0.3125,0.785156,0.425781,0.113281,0.046875,0.0390625,0.0546875,0.148438
509,0.199219,0.046875,0.0273438,0.0273438,0.0273438,0.0703125,0.3125,0.785156,0.425781,0.113281,0.046875,0.0390625,0.0546875,0.148438,0.5
510,0.046875,0.0273438,0.0273438,0.0273438,0.0703125,0.3125,0.785156,0.425781,0.113281,0.046875,0.0390625,0.0546875,0.148438,0.5,0.660156
511,0.0273438,0.0273438,0.0273438,0.0703125,0.3125,0.785156,0.425781,0.113281,0.046875,0.0390625,0.0546875,0.148438,0.5,0.660156,0.246094
512,0.0273438,0.0273438,0.0703125,0.3125,0.785156,0.425781,0.113281,0.046875,0.0390625,0.0546875,0.148438,0.5,0.660156,0.246094,0.078125
513,0.0273438,0.0703125,0.3125,0.785156,0.425781,0.113281,0.046875,0.0390625,0.0546875,0.148438,0.5,0.660156,0.246094,0.078125,0.0429688
514,0.0703125,0.3125,0.785156,0.425781,0.113281,0.046875,0.0390625,0.0546875,0.148438,0.5,0.660156,0.246094,0.078125,0.0429688,0.0429688
515,0.3125,0.785156,0.425781,0.113281,0.046875,0.0390625,0.0546875,0.148438,0.5,0.660156,0.246094,0.078125,0.0429688,0.0429688,0.0898438
516,0.785156,0.425781,0.113281,0.046875,0.0390625,0.0546875,0.148438,0.5,0.660156,0.246094,0.078125,0.0429688,0.0429688,0.0898438,0.289062
517,0.425781,0.113281,0.046875,0.0390625,0.0546875,0.148438,0.5,0.660156,0.246094,0.078125,0.0429688,0.0429688,0.0898438,0.289062,0.675781
518,0.113281,0.046875,0.0390625,0.0546875,0.148438,0.5,0.660156,0.246094,0.078125,0.0429688,0.0429688,0.0898438,0.289062,0.675781,0.445312
519,0.046875,0.0390625,0.0546875,0.148438,0.5,0.660156,0.246094,0.078125,0.0429688,0.0429688,0.0898438,0.289062,0.675781,0.445312,0.132812
520,0.0390625,0.0546875,0.148438,0.5,0.660156,0.246094,0.078125,0.0429688,0.0429688,0.0898438,0.289062,0.675781,0.445312,0.132812,0.0546875
521,0.0546875,0.148438,0.5,0.660156,0.246094,0.078125,0.0429688,0.0429688,0.0898438,0.289062,0.675781,0.445312,0.132812,0.0546875,0.0429688
522,0.148438,0.5,0.660156,0.246094,0.078125,0.0429688,0.0429688,0.0898438,0.289062,0.675781,0.445312,0.132812,0.0546875,0.0429688,0.0546875
523,0.5,0.660156,0.246094,0.078125,0.0429688,0.0429688,0.0898438,0.289062,0.675781,0.445312,0.132812,0.0546875,0.0429688,0.0546875,0.144531
524,0.660156,0.246094,0.078125,0.0429688,0.0429688,0.0898438,0.289062,0.675781,0.445312,0.132812,0.0546875,0.0429688,0.0546875,0.144531,0.476562
525,0.246094,0.078125,0.0429688,0.0429688,0.0898438,0.289062,0.675781,0.445312,0.132812,0.0546875,0.0429688,0.0546875,0.144531,0.476562,0.671875
526,0.078125,0.0429688,0.0429688,0.0898438,0.289062,0.675781,0.445312,0.132812,0.0546875,0.0429688,0.0546875,0.144531,0.476562,0.671875,0.261719
527,0.0429688,0.0429688,0.0898438,0.289062,0.675781,0.445312,0.132812,0.0546875,0.0429688,0.0546875,0.144531,0.476562,0.671875,0.261719,0.0820312
528,0.0429688,0.0898438,0.289062,0.675781,0.445312,0.132812,0.0546875,0.0429688,0.0546875,0.144531,0.476562,0.671875,0.261719,0.0820312,0.0429688
529,0.0898438,0.289062,0.675781,0.445312,0.132812,0.0546875,0.0429688,0.0546875,0.144531,0.476562,0.671875,0.261719,0.0820312,0.0429688,0.0429688
530,0.289062,0.675781,0.445312,0.132812,0.0546875,0.0429688,0.0546875,0.144531,0.476562,0.671875,0.261719,0.0820312,0.0429688,0.0429688,0.078125
531,0.675781,0.445312,0.132812,0.0546875,0.0429688,0.0546875,0.144531,0.476562,0.671875,0.261719,0.0820312,0.0429688,0.0429688,0.078125,0.25
532,0.445312,0.132812,0.0546875,0.0429688,0.0546875,0.144531,0.476562,0.671875,0.261719,0.0820312,0.0429688,0.0429688,0.078125,0.25,0.660156
533,0.132812,0.0546875,0.0429688,0.0546875,0.144531,0.476562,0.671875,0.261719,0.0820312,0.0429688,0.0429688,0.078125,0.25,0.660156,0.511719
534,0.0546875,0.0429688,0.0546875,0.144531,0.476562,0.671875,0.261719,0.0820312,0.0429688,0.0429688,0.078125,0.25,0.660156,0.511719,0.152344
535,0.0429688,0.0546875,0.144531,0.476562,0.671875,0.261719,0.0820312,0.0429688,0.0429688,0.078125,0.25,0.660156,0.511719,0.152344,0.0507812
536,0.0546875,0.144531,0.476562,0.671875,0.261719,0.0820312,0.0429688,0.0429688,0.078125,0.25,0.660156,0.511719,0.152344,0.0507812,0.0351562
537,0.144531,0.476562,0.671875,0.261719,0.0820312,0.0429688,0.0429688,0.078125,0.25,0.660156,0.511719,0.152344,0.0507812,0.0351562,0.046875
538,0.476562,0.671875,0.261719,0.0820312,0.0429688,0.0429688,0.078125,0.25,0.660156,0.511719,0.152344,0.0507812,0.0351562,0.046875,0.109375
539,0.671875,0.261719,0.0820312,0.0429688,0.0429688,0.078125,0.25,0.660156,0.511719,0.152344,0.0507812,0.0351562,0.046875,0.109375,0.390625
540,0.261719,0.0820312,0.0429688,0.0429688,0.078125,0.25,0.660156,0.511719,0.152344,0.0507812,0.0351562,0.046875,0.109375,0.390625,0.734375
541,0.0820312,0.0429688,0.0429688,0.078125,0.25,0.660156,0.511719,0.152344,0.0507812,0.0351562,0.046875,0.109375,0.390625,0.734375,0.34375
542,0.0429688,0.0429688,0.078125,0.25,0.660156,0.511719,0.152344,0.0507812,0.0351562,0.046875,0.109375,0.390625,0.734375,0.34375,0.0976562
543,0.0429688,0.078125,0.25,0.660156,0.511719,0.152344,0.0507812,0.0351562,0.046875,0.109375,0.390625,0.734375,0.34375,0.0976562,0.0429688
544,0.078125,0.25,0.660156,0.511719,0.152344,0.0507812,0.0351562,0.046875,0.109375,0.390625,0.734375,0.34375,0.0976562,0.0429688,0.0390625
545,0.25,0.660156,0.511719,0.152344,0.0507812,0.0351562,0.046875,0.109375,0.390625,0.734375,0.34375,0.0976562,0.0429688,0.0390625,0.0546875
546,0.660156,0.511719,0.152344,0.0507812,0.0351562,0.046875,0.109375,0.390625,0.734375,0.34375,0.0976562,0.0429688,0.0390625,0.0546875,0.160156
547,0.511719,0.152344,0.0507812,0.0351562,0.046875,0.109375,0.390625,0.734375,0.34375,0.0976562,0.0429688,0.0390625,0.0546875,0.160156,0.550781
548,0.152344,0.0507812,0.0351562,0.046875,0.109375,0.390625,0.734375,0.34375,0.0976562,0.0429688,0.0390625,0.0546875,0.160156,0.550781,0.6875
549,0.0507812,0.0351562,0.046875,0.109375,0.390625,0.734375,0.34375,0.0976562,0.0429688,0.0390625,0.0546875,0.160156,0.550781,0.6875,0.222656
550,0.0351562,0.046875,0.109375,0.390625,0.734375,0.34375,0.0976562,0.0429688,0.0390625,0.0546875,0.160156,0.550781,0.6875,0.222656,0.0664062
551,0.046875,0.109375,0.390625,0.734375,0.34375,0.0976562,0.0429688,0.0390625,0.0546875,0.160156,0.550781,0.6875,0.222656,0.0664062,0.0390625
552,0.109375,0.390625,0.734375,0.34375,0.0976562,0.0429688,0.0390625,0.0546875,0.160156,0.550781,0.6875,0.222656,0.0664062,0.0390625,0.0390625
553,0.390625,0.734375,0.34375,0.0976562,0.0429688,0.0390625,0.0546875,0.160156,0.550781,0.6875,0.222656,0.0664062,0.0390625,0.0390625,0.0625
554,0.734375,0.34375,0.0976562,0.0429688,0.0390625,0.0546875,0.160156,0.550781,0.6875,0.222656,0.0664062,0.0390625,0.0390625,0.0625,0.21875
555,0.34375,0.0976562,0.0429688,0.0390625,0.0546875,0.160156,0.550781,0.6875,0.222656,0.0664062,0.0390625,0.0390625,0.0625,0.21875,0.683594
556,0.0976562,0.0429688,0.0390625,0.0546875,0.160156,0.550781,0.6875,0.222656,0.0664062,0.0390625,0.0390625,0.0625,0.21875,0.683594,0.582031
557,0.0429688,0.0390625,0.0546875,0.160156,0.550781,0.6875,0.222656,0.0664062,0.0390625,0.0390625,0.0625,0.21875,0.683594,0.582031,0.160156
558,0.0390625,0.0546875,0.160156,0.550781,0.6875,0.222656,0.0664062,0.0390625,0.0390625,0.0625,0.21875,0.683594,0.582031,0.160156,0.0546875
559,0.0546875,0.160156,0.550781,0.6875,0.222656,0.0664062,0.0390625,0.0390625,0.0625,0.21875,0.683594,0.582031,0.160156,0.0546875,0.03125
560,0.160156,0.550781,0.6875,0.222656,0.0664062,0.0390625,0.0390625,0.0625,0.21875,0.683594,0.582031,0.160156,0.0546875,0.03125,0.0351562
561,0.550781,0.6875,0.222656,0.0664062,0.0390625,0.0390625,0.0625,0.21875,0.683594,0.582031,0.160156,0.0546875,0.03125,0.0351562,0.0703125
562,0.6875,0.222656,0.0664062,0.0390625,0.0390625,0.0625,0.21875,0.683594,0.582031,0.160156,0.0546875,0.03125,0.0351562,0.0703125,0.261719
563,0.222656,0.0664062,0.0390625,0.0390625,0.0625,0.21875,0.683594,0.582031,0.160156,0.0546875,0.03125,0.0351562,0.0703125,0.261719,0.765625
564,0.0664062,0.0390625,0.0390625,0.0625,0.21875,0.683594,0.582031,0.160156,0.0546875,0.03125,0.0351562,0.0703125,0.261719,0.765625,0.507812
565,0.0390625,0.0390625,0.0625,0.21875,0.683594,0.582031,0.160156,0.0546875,0.03125,0.0351562,0.0703125,0.261719,0.765625,0.507812,0.125
566,0.0390625,0.0625,0.21875,0.683594,0.582031,0.160156,0.0546875,0.03125,0.0351562,0.0703125,0.261719,0.765625,0.507812,0.125,0.0429688
567,0.0625,0.21875,0.683594,0.582031,0.160156,0.0546875,0.03125,0.0351562,0.0703125,0.261719,0.765625,0.507812,0.125,0.0429688,0.03125
568,0.21875,0.683594,0.582031,0.160156,0.0546875,0.03125,0.0351562,0.0703125,0.261719,0.765625,0.507812,0.125,0.0429688,0.03125,0.0273438
569,0.683594,0.582031,0.160156,0.0546875,0.03125,0.0351562,0.0703125,0.261719,0.765625,0.507812,0.125,0.0429688,0.03125,0.0273438,0.0664062
570,0.582031,0.160156,0.0546875,0.03125,0.0351562,0.0703125,0.261719,0.765625,0.507812,0.125,0.0429688,0.03125,0.0273438,0.0664062,0.257812
571,0.160156,0.0546875,0.03125,0.0351562,0.0703125,0.261719,0.765625,0.507812,0.125,0.0429688,0.03125,0.0273438,0.0664062,0.257812,0.808594
572,0.0546875,0.03125,0.0351562,0.0703125,0.261719,0.765625,0.507812,0.125,0.0429688,0.03125,0.0273438,0.0664062,0.257812,0.808594,0.511719
573,0.03125,0.0351562,0.0703125,0.261719,0.765625,0.507812,0.125,0.0429688,0.03125,0.0273438,0.0664062,0.257812,0.808594,0.511719,0.117188
574,0.0351562,0.0703125,0.261719,0.765625,0.507812,0.125,0.0429688,0.03125,0.0273438,0.0664062,0.257812,0.808594,0.511719,0.117188,0.0390625
575,0.0703125,0.261719,0.765625,0.507812,0.125,0.0429688,0.03125,0.0273438,0.0664062,0.257812,0.808594,0.511719,0.117188,0.0390625,0.0273438
576,0.261719,0.765625,0.507812,0.125,0.0429688,0.03125,0.0273438,0.0664062,0.257812,0.808594,0.511719,0.117188,0.0390625,0.0273438,0.0234375
577,0.765625,0.507812,0.125,0.0429688,0.03125,0.0273438,0.0664062,0.257812,0.808594,0.511719,0.117188,0.0390625,0.0273438,0.0234375,0.046875
578,0.507812,0.125,0.0429688,0.03125,0.0273438,0.0664062,0.257812,0.808594,0.511719,0.117188,0.0390625,0.0273438,0.0234375,0.046875,0.1875
579,0.125,0.0429688,0.03125,0.0273438,0.0664062,0.257812,0.808594,0.511719,0.117188,0.0390625,0.0273438,0.0234375,0.046875,0.1875,0.753906
580,0.0429688,0.03125,0.0273438,0.0664062,0.257812,0.808594,0.511719,0.117188,0.0390625,0.0273438,0.0234375,0.046875,0.1875,0.753906,0.671875
581,0.03125,0.0273438,0.0664062,0.257812,0.808594,0.511719,0.117188,0.0390625,0.0273438,0.0234375,0.046875,0.1875,0.753906,0.671875,0.152344
582,0.0273438,0.0664062,0.257812,0.808594,0.511719,0.117188,0.0390625,0.0273438,0.0234375,0.046875,0.1875,0.753906,0.671875,0.152344,0.0429688
583,0.0664062,0.257812,0.808594,0.511719,0.117188,0.0390625,0.0273438,0.0234375,0.046875,0.1875,0.753906,0.671875,0.152344,0.0429688,0.0273438
584,0.257812,0.808594,0.511719,0.117188,0.0390625,0.0273438,0.0234375,0.046875,0.1875,0.753906,0.671875,0.152344,0.0429688,0.0273438,0.0234375
